external_id,date,facility,transaction_direction,transaction_category,amount_received_usd,amount_paid_usd,days_late,is_additional_system_capex,capex_note,description_original
ADMIN_2024-09-13_01,2024-09-13,ADMIN,outflow,Technical labor,0,70.0,,False,,[REDACTED]
ADMIN_2024-09-14_01,2024-09-14,ADMIN,outflow,Operations & administration,0,5.0,,False,,[REDACTED]
ADMIN_2024-09-17_01,2024-09-17,ADMIN,outflow,Operations & administration,0,30.0,,False,,[REDACTED]
ADMIN_2024-09-18_01,2024-09-18,ADMIN,outflow,Monitoring & telemetry,0,20.0,,False,,[REDACTED]
ADMIN_2024-09-20_01,2024-09-20,ADMIN,outflow,Operations & administration,0,30.0,,False,,[REDACTED]
ADMIN_2024-09-25_01,2024-09-25,ADMIN,outflow,Transport & logistics,0,20.0,,False,,[REDACTED]
ADMIN_2024-10-18_01,2024-10-18,ADMIN,outflow,Operations & administration,0,5.0,,False,,[REDACTED]
ADMIN_2024-10-19_01,2024-10-19,ADMIN,outflow,Operations & administration,0,5.0,,False,,[REDACTED]
ADMIN_2024-10-31_01,2024-10-31,ADMIN,outflow,Operations & administration,0,31.0,,False,,[REDACTED]
ADMIN_2024-11-06_01,2024-11-06,ADMIN,outflow,Operations & administration,0,30.0,,False,,[REDACTED]
ADMIN_2024-12-11_01,2024-12-11,ADMIN,outflow,Operations & administration,0,30.0,,False,,[REDACTED]
ADMIN_2024-12-12_01,2024-12-12,ADMIN,outflow,Operations & administration,0,30.0,,False,,[REDACTED]
ADMIN_2024-12-28_01,2024-12-28,ADMIN,outflow,Operations & administration,0,30.0,,False,,[REDACTED]
ADMIN_2025-01-30_01,2025-01-30,ADMIN,outflow,Operations & administration,0,550.0,,False,,[REDACTED]
ADMIN_2025-01-30_02,2025-01-30,ADMIN,outflow,Operations & administration,0,30.0,,False,,[REDACTED]
ADMIN_2025-02-25_01,2025-02-25,ADMIN,outflow,Operations & administration,0,60.0,,False,,[REDACTED]
ADMIN_2025-04-18_01,2025-04-18,ADMIN,outflow,Operations & administration,0,5.0,,False,,[REDACTED]
ADMIN_2025-06-04_01,2025-06-04,ADMIN,outflow,Operations & administration,0,30.0,,False,,[REDACTED]
ADMIN_2025-09-05_01,2025-09-05,ADMIN,outflow,Operations & administration,0,210.0,,False,,[REDACTED]
ADMIN_2026-03-10_01,2026-03-10,ADMIN,outflow,Monitoring & telemetry,0,25.0,,False,,[REDACTED]
ADMIN_2026-04-03_01,2026-04-03,ADMIN,outflow,Monitoring & telemetry,0,11.0,,False,,[REDACTED]
ADMIN_2026-04-06_01,2026-04-06,ADMIN,outflow,Operations & administration,0,60.0,,False,,[REDACTED]
ADMIN_2026-04-06_02,2026-04-06,ADMIN,outflow,Transport & logistics,0,25.0,,False,,[REDACTED]
CH1_2024-04-02_01,2024-04-02,CH1,inflow,Facility repayments,50,0.0,0.0,False,,[REDACTED]
CH1_2024-04-15_01,2024-04-15,CH1,outflow,Technical labor,0,16.25,,False,,[REDACTED]
CH1_2024-05-02_01,2024-05-02,CH1,outflow,Operations & administration,0,290.0,,False,,[REDACTED]
CH1_2024-06-04_01,2024-06-04,CH1,inflow,Facility repayments,50,0.0,0.0,False,,[REDACTED]
CH1_2024-06-25_01,2024-06-25,CH1,outflow,Operations & administration,0,12.5,,False,,[REDACTED]
CH1_2024-07-06_01,2024-07-06,CH1,inflow,Facility repayments,50,0.0,1.0,False,,[REDACTED]
CH1_2024-08-07_01,2024-08-07,CH1,inflow,Facility repayments,50,0.0,2.0,False,,[REDACTED]
CH1_2024-09-09_01,2024-09-09,CH1,inflow,Facility repayments,50,0.0,4.0,False,,[REDACTED]
CH1_2024-10-10_01,2024-10-10,CH1,inflow,Facility repayments,50,0.0,5.0,False,,[REDACTED]
CH1_2024-11-05_01,2024-11-05,CH1,inflow,Facility repayments,50,0.0,0.0,False,,[REDACTED]
CH1_2024-12-06_01,2024-12-06,CH1,inflow,Facility repayments,50,0.0,1.0,False,,[REDACTED]
CH1_2025-01-06_01,2025-01-06,CH1,inflow,Facility repayments,50,0.0,1.0,False,,[REDACTED]
CH1_2025-02-07_01,2025-02-07,CH1,inflow,Facility repayments,50,0.0,2.0,False,,[REDACTED]
CH1_2025-03-04_01,2025-03-04,CH1,inflow,Facility repayments,50,0.0,0.0,False,,[REDACTED]
CH1_2025-04-02_01,2025-04-02,CH1,inflow,Facility repayments,50,0.0,0.0,False,,[REDACTED]
CH1_2025-04-18_01,2025-04-18,CH1,outflow,Maintenance & troubleshooting,0,15.0,,False,,[REDACTED]
CH1_2025-05-03_01,2025-05-03,CH1,inflow,Facility repayments,50,0.0,0.0,False,,[REDACTED]
CH1_2025-06-02_01,2025-06-02,CH1,outflow,Maintenance & troubleshooting,0,13.0,,False,,[REDACTED]
CH1_2025-07-01_01,2025-07-01,CH1,inflow,Facility repayments,50,0.0,0.0,False,,[REDACTED]
CH1_2025-08-01_01,2025-08-01,CH1,inflow,Facility repayments,50,0.0,0.0,False,,[REDACTED]
CH1_2025-09-01_01,2025-09-01,CH1,inflow,Facility repayments,50,0.0,0.0,False,,[REDACTED]
CH1_2025-10-02_01,2025-10-02,CH1,inflow,Facility repayments,50,0.0,0.0,False,,[REDACTED]
CH1_2025-10-09_01,2025-10-09,CH1,outflow,Maintenance & troubleshooting,0,16.69,,False,,[REDACTED]
CH1_2025-11-03_01,2025-11-03,CH1,inflow,Facility repayments,50,0.0,0.0,False,,[REDACTED]
CH1_2025-12-02_01,2025-12-02,CH1,inflow,Facility repayments,50,0.0,0.0,False,,[REDACTED]
CH1_2025-12-27_01,2025-12-27,CH1,inflow,Facility repayments,50,0.0,0.0,False,,[REDACTED]
CH1_2026-02-02_01,2026-02-02,CH1,inflow,Facility repayments,50,0.0,0.0,False,,[REDACTED]
CH1_2026-03-02_01,2026-03-02,CH1,inflow,Facility repayments,50,0.0,0.0,False,,[REDACTED]
CH1_2026-04-02_01,2026-04-02,CH1,inflow,Facility repayments,50,0.0,0.0,False,,[REDACTED]
CSR2_2024-04-12_01,2024-04-12,CSR2,inflow,Facility repayments,50,0.0,7.0,False,,[REDACTED]
CSR2_2024-04-15_01,2024-04-15,CSR2,outflow,Installation & deployment,0,150.0,,False,,[REDACTED]
CSR2_2024-04-15_02,2024-04-15,CSR2,outflow,Technical labor,0,16.25,,False,,[REDACTED]
CSR2_2024-06-07_01,2024-06-07,CSR2,inflow,Facility repayments,50,0.0,0.0,False,,[REDACTED]
CSR2_2024-06-20_01,2024-06-20,CSR2,inflow,Facility repayments,50,0.0,15.0,False,,[REDACTED]
CSR2_2024-07-29_01,2024-07-29,CSR2,inflow,Facility repayments,50,0.0,24.0,False,,[REDACTED]
CSR2_2024-07-29_02,2024-07-29,CSR2,inflow,Facility repayments,50,0.0,0.0,False,,[REDACTED]
CSR2_2024-08-22_01,2024-08-22,CSR2,outflow,Maintenance & troubleshooting,0,20.67,,False,,[REDACTED]
CSR2_2024-09-16_01,2024-09-16,CSR2,outflow,Installation & deployment,0,130.0,,False,,[REDACTED]
CSR2_2024-09-17_01,2024-09-17,CSR2,inflow,Facility repayments,50,0.0,12.0,False,,[REDACTED]
CSR2_2024-10-30_01,2024-10-30,CSR2,inflow,Facility repayments,50,0.0,25.0,False,,[REDACTED]
CSR2_2024-11-06_01,2024-11-06,CSR2,inflow,Facility repayments,50,0.0,1.0,False,,[REDACTED]
CSR2_2024-12-13_01,2024-12-13,CSR2,inflow,Facility repayments,50,0.0,8.0,False,,[REDACTED]
CSR2_2025-01-06_01,2025-01-06,CSR2,inflow,Facility repayments,50,0.0,1.0,False,,[REDACTED]
CSR2_2025-01-06_02,2025-01-06,CSR2,inflow,Facility repayments,100,0.0,1.0,False,,[REDACTED]
CSR2_2025-02-11_01,2025-02-11,CSR2,inflow,Facility repayments,50,0.0,6.0,False,,[REDACTED]
CSR2_2025-03-15_01,2025-03-15,CSR2,inflow,Facility repayments,50,0.0,10.0,False,,[REDACTED]
CSR2_2025-04-10_01,2025-04-10,CSR2,inflow,Facility repayments,50,0.0,5.0,False,,[REDACTED]
CSR2_2025-05-08_01,2025-05-08,CSR2,inflow,Facility repayments,50,0.0,3.0,False,,[REDACTED]
CSR2_2025-07-06_01,2025-07-06,CSR2,inflow,Facility repayments,50,0.0,1.0,False,,[REDACTED]
CSR2_2025-09-09_01,2025-09-09,CSR2,inflow,Facility repayments,50,0.0,4.0,False,,[REDACTED]
CSR2_2025-10-07_01,2025-10-07,CSR2,inflow,Facility repayments,50,0.0,2.0,False,,[REDACTED]
CSR2_2025-10-30_01,2025-10-30,CSR2,outflow,Additional Requested Upgrade,0,2983.28,,True,CSR2_flex2_installation_CAPEX,[REDACTED]
CSR2_2025-11-12_01,2025-11-12,CSR2,inflow,Facility repayments,50,0.0,7.0,False,,[REDACTED]
CSR2_2025-12-09_01,2025-12-09,CSR2,inflow,Facility repayments,100,0.0,4.0,False,,[REDACTED]
CSR2_2026-02-16_01,2026-02-16,CSR2,inflow,Facility repayments,100,0.0,11.0,False,,[REDACTED]
CSR2_2026-03-06_01,2026-03-06,CSR2,inflow,Facility repayments,100,0.0,1.0,False,,[REDACTED]
CSR2_2026-04-06_01,2026-04-06,CSR2,inflow,Facility repayments,100,0.0,1.0,False,,[REDACTED]
CSR4_2024-04-13_01,2024-04-13,CSR4,inflow,Facility repayments,50,0.0,8.0,False,,[REDACTED]
CSR4_2024-04-15_01,2024-04-15,CSR4,outflow,Installation & deployment,0,150.0,,False,,[REDACTED]
CSR4_2024-04-15_02,2024-04-15,CSR4,outflow,Technical labor,0,16.25,,False,,[REDACTED]
CSR4_2024-08-22_01,2024-08-22,CSR4,outflow,Installation & deployment,0,20.67,,False,,[REDACTED]
CSR4_2024-08-22_02,2024-08-22,CSR4,inflow,Facility repayments,50,0.0,78.0,False,,[REDACTED]
CSR4_2024-09-16_01,2024-09-16,CSR4,outflow,Installation & deployment,0,130.0,,False,,[REDACTED]
CSR4_2024-10-03_01,2024-10-03,CSR4,inflow,Facility repayments,50,0.0,28.0,False,,[REDACTED]
CSR4_2024-10-18_01,2024-10-18,CSR4,inflow,Facility repayments,50,0.0,13.0,False,,[REDACTED]
CSR4_2024-11-12_01,2024-11-12,CSR4,inflow,Facility repayments,50,0.0,7.0,False,,[REDACTED]
CSR4_2025-02-28_01,2025-02-28,CSR4,inflow,Facility repayments,50,0.0,84.0,False,,[REDACTED]
CSR4_2025-03-01_01,2025-03-01,CSR4,outflow,Installation & deployment,0,26.0,,False,,[REDACTED]
CSR4_2025-04-02_01,2025-04-02,CSR4,inflow,Facility repayments,50,0.0,0.0,False,,[REDACTED]
CSR4_2025-05-03_01,2025-05-03,CSR4,inflow,Facility repayments,50,0.0,0.0,False,,[REDACTED]
CSR4_2025-06-05_01,2025-06-05,CSR4,inflow,Facility repayments,50,0.0,0.0,False,,[REDACTED]
CSR4_2025-06-21_01,2025-06-21,CSR4,outflow,Maintenance & troubleshooting,0,16.0,,False,,[REDACTED]
CSR4_2025-06-25_01,2025-06-25,CSR4,outflow,Maintenance & troubleshooting,0,15.0,,False,,[REDACTED]
CSR4_2025-07-05_01,2025-07-05,CSR4,outflow,Installation & deployment,0,25.0,,False,,[REDACTED]
CSR4_2025-07-14_01,2025-07-14,CSR4,inflow,Facility repayments,50,0.0,9.0,False,,[REDACTED]
CSR4_2025-08-06_01,2025-08-06,CSR4,inflow,Facility repayments,50,0.0,0.0,False,,[REDACTED]
CSR4_2025-09-01_01,2025-09-01,CSR4,inflow,Facility repayments,50,0.0,0.0,False,,[REDACTED]
CSR4_2025-10-03_01,2025-10-03,CSR4,inflow,Facility repayments,50,0.0,0.0,False,,[REDACTED]
CSR4_2025-11-06_01,2025-11-06,CSR4,inflow,Facility repayments,50,0.0,1.0,False,,[REDACTED]
CSR4_2025-11-27_01,2025-11-27,CSR4,outflow,Transport & logistics,0,10.0,,False,,[REDACTED]
CSR4_2025-12-04_01,2025-12-04,CSR4,inflow,Facility repayments,50,0.0,0.0,False,,[REDACTED]
CSR4_2025-12-14_01,2025-12-14,CSR4,outflow,Maintenance & troubleshooting,0,21.0,,False,,[REDACTED]
CSR4_2025-12-31_01,2025-12-31,CSR4,inflow,Facility repayments,50,0.0,0.0,False,,[REDACTED]
CSR4_2026-02-07_01,2026-02-07,CSR4,inflow,Facility repayments,50,0.0,0.0,False,,[REDACTED]
CSR4_2026-03-04_01,2026-03-04,CSR4,inflow,Facility repayments,50,0.0,0.0,False,,[REDACTED]
CSR4_2026-04-02_01,2026-04-02,CSR4,inflow,Facility repayments,50,0.0,0.0,False,,[REDACTED]
CSR3_2024-04-11_01,2024-04-11,CSR3,inflow,Facility repayments,300,0.0,6.0,False,,[REDACTED]
CSR3_2024-04-15_01,2024-04-15,CSR3,outflow,Installation & deployment,0,150.0,,False,,[REDACTED]
CSR3_2024-04-15_02,2024-04-15,CSR3,outflow,Technical labor,0,16.25,,False,,[REDACTED]
CSR3_2024-06-15_01,2024-06-15,CSR3,inflow,Facility repayments,300,0.0,10.0,False,,[REDACTED]
CSR3_2024-07-22_01,2024-07-22,CSR3,inflow,Facility repayments,300,0.0,17.0,False,,[REDACTED]
CSR3_2024-08-22_01,2024-08-22,CSR3,outflow,Maintenance & troubleshooting,0,20.67,,False,,[REDACTED]
CSR3_2024-09-02_01,2024-09-02,CSR3,inflow,Facility repayments,300,0.0,28.0,False,,[REDACTED]
CSR3_2024-09-16_01,2024-09-16,CSR3,outflow,Installation & deployment,0,130.0,,False,,[REDACTED]
CSR3_2024-09-21_01,2024-09-21,CSR3,outflow,Operations & administration,0,20.0,,False,,[REDACTED]
CSR3_2024-09-28_01,2024-09-28,CSR3,outflow,Installation & deployment,0,133.0,,False,,[REDACTED]
CSR3_2024-10-03_01,2024-10-03,CSR3,inflow,Facility repayments,300,0.0,28.0,False,,[REDACTED]
CSR3_2024-10-30_01,2024-10-30,CSR3,inflow,Facility repayments,300,0.0,25.0,False,,[REDACTED]
CSR3_2024-11-20_01,2024-11-20,CSR3,inflow,Facility repayments,300,0.0,15.0,False,,[REDACTED]
CSR3_2024-12-25_01,2024-12-25,CSR3,inflow,Facility repayments,300,0.0,20.0,False,,[REDACTED]
CSR3_2025-02-06_01,2025-02-06,CSR3,inflow,Facility repayments,300,0.0,1.0,False,,[REDACTED]
CSR3_2025-03-04_01,2025-03-04,CSR3,inflow,Facility repayments,300,0.0,0.0,False,,[REDACTED]
CSR3_2025-03-11_01,2025-03-11,CSR3,outflow,Operations & administration,0,107.1,,False,,[REDACTED]
CSR3_2025-04-10_01,2025-04-10,CSR3,inflow,Facility repayments,300,0.0,5.0,False,,[REDACTED]
CSR3_2025-05-07_01,2025-05-07,CSR3,inflow,Facility repayments,300,0.0,0.0,False,,[REDACTED]
CSR3_2025-06-05_01,2025-06-05,CSR3,inflow,Facility repayments,300,0.0,31.0,False,,[REDACTED]
CSR3_2025-07-10_01,2025-07-10,CSR3,inflow,Facility repayments,300,0.0,5.0,False,,[REDACTED]
CSR3_2025-08-07_01,2025-08-07,CSR3,inflow,Facility repayments,300,0.0,2.0,False,,[REDACTED]
CSR3_2025-09-04_01,2025-09-04,CSR3,inflow,Facility repayments,300,0.0,0.0,False,,[REDACTED]
CSR3_2025-09-05_01,2025-09-05,CSR3,outflow,Maintenance & troubleshooting,0,15.87,,False,,[REDACTED]
CSR3_2025-10-10_01,2025-10-10,CSR3,inflow,Facility repayments,300,0.0,5.0,False,,[REDACTED]
CSR3_2025-11-01_01,2025-11-01,CSR3,inflow,Facility repayments,300,0.0,0.0,False,,[REDACTED]
CSR3_2025-12-03_01,2025-12-03,CSR3,inflow,Facility repayments,300,0.0,0.0,False,,[REDACTED]
CSR3_2025-12-31_01,2025-12-31,CSR3,inflow,Facility repayments,300,0.0,0.0,False,,[REDACTED]
CSR3_2026-02-12_01,2026-02-12,CSR3,inflow,Facility repayments,300,0.0,7.0,False,,[REDACTED]
CSR3_2026-03-09_01,2026-03-09,CSR3,inflow,Facility repayments,300,0.0,4.0,False,,[REDACTED]
CSR3_2026-04-01_01,2026-04-01,CSR3,outflow,Monitoring & telemetry,0,15.0,,False,,[REDACTED]
CSR3_2026-04-06_01,2026-04-06,CSR3,inflow,Facility repayments,300,0.0,1.0,False,,[REDACTED]
CSR1_2024-04-14_01,2024-04-14,CSR1,inflow,Facility repayments,100,0.0,9.0,False,,[REDACTED]
CSR1_2024-04-15_01,2024-04-15,CSR1,outflow,Installation & deployment,0,150.0,,False,,[REDACTED]
CSR1_2024-07-03_01,2024-07-03,CSR1,inflow,Facility repayments,100,0.0,28.0,False,,[REDACTED]
CSR1_2024-08-07_01,2024-08-07,CSR1,inflow,Facility repayments,100,0.0,33.0,False,,[REDACTED]
CSR1_2024-09-05_01,2024-09-05,CSR1,inflow,Facility repayments,100,0.0,31.0,False,,[REDACTED]
CSR1_2024-09-13_01,2024-09-13,CSR1,outflow,Maintenance & troubleshooting,0,10.0,,False,,[REDACTED]
CSR1_2024-09-16_01,2024-09-16,CSR1,outflow,Installation & deployment,0,130.0,,False,,[REDACTED]
CSR1_2024-09-18_01,2024-09-18,CSR1,outflow,Maintenance & troubleshooting,0,10.0,,False,,[REDACTED]
CSR1_2024-09-18_02,2024-09-18,CSR1,outflow,Maintenance & troubleshooting,0,10.0,,False,,[REDACTED]
CSR1_2024-10-03_01,2024-10-03,CSR1,inflow,Facility repayments,100,0.0,28.0,False,,[REDACTED]
CSR1_2024-11-02_01,2024-11-02,CSR1,inflow,Facility repayments,100,0.0,28.0,False,,[REDACTED]
CSR1_2024-11-30_01,2024-11-30,CSR1,inflow,Facility repayments,100,0.0,0.0,False,,[REDACTED]
CSR1_2025-04-08_01,2025-04-08,CSR1,inflow,Facility repayments,100,0.0,3.0,False,,[REDACTED]
CSR1_2025-05-03_01,2025-05-03,CSR1,inflow,Facility repayments,100,0.0,0.0,False,,[REDACTED]
CSR1_2025-06-03_01,2025-06-03,CSR1,inflow,Facility repayments,100,0.0,0.0,False,,[REDACTED]
CSR1_2025-07-03_01,2025-07-03,CSR1,inflow,Facility repayments,100,0.0,0.0,False,,[REDACTED]
CSR1_2025-08-08_01,2025-08-08,CSR1,inflow,Facility repayments,100,0.0,3.0,False,,[REDACTED]
CSR1_2025-09-08_01,2025-09-08,CSR1,inflow,Facility repayments,100,0.0,3.0,False,,[REDACTED]
CSR1_2025-10-03_01,2025-10-03,CSR1,inflow,Facility repayments,100,0.0,0.0,False,,[REDACTED]
CSR1_2025-11-03_01,2025-11-03,CSR1,inflow,Facility repayments,100,0.0,0.0,False,,[REDACTED]
CSR1_2025-12-05_01,2025-12-05,CSR1,inflow,Facility repayments,100,0.0,0.0,False,,[REDACTED]
CSR1_2025-12-31_01,2025-12-31,CSR1,inflow,Facility repayments,100,0.0,0.0,False,,[REDACTED]
CSR1_2026-02-03_01,2026-02-03,CSR1,inflow,Facility repayments,100,0.0,0.0,False,,[REDACTED]
CSR1_2026-03-02_01,2026-03-02,CSR1,inflow,Facility repayments,100,0.0,0.0,False,,[REDACTED]
CSR1_2026-04-02_01,2026-04-02,CSR1,inflow,Facility repayments,100,0.0,0.0,False,,[REDACTED]
HGR1_2024-04-04_01,2024-04-04,HGR1,inflow,Facility repayments,50,0.0,0.0,False,,[REDACTED]
HGR1_2024-05-30_01,2024-05-30,HGR1,inflow,Facility repayments,50,0.0,0.0,False,,[REDACTED]
HGR1_2024-06-15_01,2024-06-15,HGR1,outflow,Maintenance & troubleshooting,0,22.0,,False,,[REDACTED]
HGR1_2024-06-25_01,2024-06-25,HGR1,outflow,Operations & administration,0,12.5,,False,,[REDACTED]
HGR1_2024-07-06_01,2024-07-06,HGR1,inflow,Facility repayments,50,0.0,1.0,False,,[REDACTED]
HGR1_2024-08-13_01,2024-08-13,HGR1,inflow,Facility repayments,50,0.0,0.0,False,,[REDACTED]
HGR1_2024-08-22_01,2024-08-22,HGR1,outflow,Maintenance & troubleshooting,0,10.0,,False,,[REDACTED]
HGR1_2024-09-10_01,2024-09-10,HGR1,inflow,Facility repayments,50,0.0,0.0,False,,[REDACTED]
HGR1_2024-09-18_01,2024-09-18,HGR1,outflow,Maintenance & troubleshooting,0,10.0,,False,,[REDACTED]
HGR1_2024-09-25_01,2024-09-25,HGR1,outflow,Maintenance & troubleshooting,0,5.0,,False,,[REDACTED]
HGR1_2024-09-28_01,2024-09-28,HGR1,outflow,Maintenance & troubleshooting,0,31.0,,False,,[REDACTED]
HGR1_2024-10-03_01,2024-10-03,HGR1,inflow,Facility repayments,50,0.0,0.0,False,,[REDACTED]
HGR1_2024-11-11_01,2024-11-11,HGR1,inflow,Facility repayments,50,0.0,6.0,False,,[REDACTED]
HGR1_2024-12-31_01,2024-12-31,HGR1,inflow,Facility repayments,50,0.0,26.0,False,,[REDACTED]
HGR1_2025-02-08_01,2025-02-08,HGR1,inflow,Facility repayments,50,0.0,3.0,False,,[REDACTED]
HGR1_2025-03-07_01,2025-03-07,HGR1,inflow,Facility repayments,50,0.0,2.0,False,,[REDACTED]
HGR1_2025-04-04_01,2025-04-04,HGR1,inflow,Facility repayments,50,0.0,0.0,False,,[REDACTED]
HGR1_2025-05-03_01,2025-05-03,HGR1,inflow,Facility repayments,50,0.0,0.0,False,,[REDACTED]
HGR1_2025-05-30_01,2025-05-30,HGR1,inflow,Facility repayments,50,0.0,0.0,False,,[REDACTED]
HGR1_2025-06-11_01,2025-06-11,HGR1,outflow,Maintenance & troubleshooting,0,30.0,,False,,[REDACTED]
HGR1_2025-06-19_01,2025-06-19,HGR1,outflow,Maintenance & troubleshooting,0,15.0,,False,,[REDACTED]
HGR1_2025-07-14_01,2025-07-14,HGR1,inflow,Facility repayments,50,0.0,9.0,False,,[REDACTED]
HGR1_2025-08-04_01,2025-08-04,HGR1,inflow,Facility repayments,50,0.0,0.0,False,,[REDACTED]
HGR1_2025-10-09_01,2025-10-09,HGR1,inflow,Facility repayments,50,0.0,4.0,False,,[REDACTED]
HGR1_2025-11-01_01,2025-11-01,HGR1,inflow,Facility repayments,50,0.0,0.0,False,,[REDACTED]
HGR1_2025-12-09_01,2025-12-09,HGR1,inflow,Facility repayments,50,0.0,4.0,False,,[REDACTED]
HGR1_2025-12-27_01,2025-12-27,HGR1,inflow,Facility repayments,50,0.0,0.0,False,,[REDACTED]
HGR1_2026-02-12_01,2026-02-12,HGR1,inflow,Facility repayments,50,0.0,7.0,False,,[REDACTED]
HGR1_2026-03-06_01,2026-03-06,HGR1,inflow,Facility repayments,50,0.0,1.0,False,,[REDACTED]
HGR1_2026-04-02_01,2026-04-02,HGR1,inflow,Facility repayments,50,0.0,0.0,False,,[REDACTED]
