facility_code,frequency_tolerance_pct,existing_source_frequency_pct,protected_circuit_frequency_pct,baseline_status,pqr_denominator_policy
HGR1,1,,83.44150684482294,manuscript_reported_pending_reproduction,independent
HGR1,5,95.3,98.20498396946758,manuscript_reported_pending_reproduction,independent
HGR1,10,,99.7578393213447,manuscript_reported_pending_reproduction,independent
CH1,1,0.0112148135225729,99.97457020296994,reconstructed_existing_source_comparison,independent
CH1,5,0.0922106889633774,100.0,reconstructed_existing_source_comparison,independent
CH1,10,89.3546497862955,100.0,reconstructed_existing_source_comparison,independent
CSR1,1,,99.4719356530862,manuscript_reported_pending_reproduction,independent
CSR1,5,12.0,100.0,manuscript_reported_pending_reproduction,independent
CSR1,10,,100.0,manuscript_reported_pending_reproduction,independent
CSR2,1,0.0,99.95405834107088,reconstructed_existing_source_comparison,independent
CSR2,5,0.0,99.95986149798824,reconstructed_existing_source_comparison,independent
CSR2,10,91.84760344121264,99.95986149798824,reconstructed_existing_source_comparison,independent
CSR3,1,,99.89131557741182,manuscript_reported_pending_reproduction,independent
CSR3,5,82.0,99.99793375622455,manuscript_reported_pending_reproduction,independent
CSR3,10,,99.99793375622455,manuscript_reported_pending_reproduction,independent
CSR4,1,1.0956521739130434,99.93948254173328,reconstructed_existing_source_comparison,independent
CSR4,5,4.608695652173913,99.993200285588,reconstructed_existing_source_comparison,independent
CSR4,10,9.391304347826086,99.9938802570292,reconstructed_existing_source_comparison,independent
