sensor_id,platform,file,sha256,rows,valid_voltage_rows,duplicate_timestamp_rows,first_valid,last_valid,low_voltage_rows
CH1-HOP-01,HOP,HOP_voltage_power_1min/HOP Voltage+Power 1-min interval data (11 sensors)/CH1_CH1-HOP-01_Voltage_1.1.csv,1e56ddaa458e665fc895d18812421f01eb81df4ac7fe31bbdf975f71efd478ba,1000000,763859,120,2024-01-18 09:31:00+00:00,2025-11-25 16:12:00+00:00,0
CH1-PW-02,PowerWatch,PowerWatch_voltage_frequency_2min/PowerWatch Voltage + Frequency (2-min interval)/CH1-PW-02_CH1_2min_og.csv,b261b679aca07b19ebae3e9c3c7ddc42fa950142d7da44ed14fb845e41ef4874,185514,185514,0,2024-04-03 14:45:23+00:00,2025-01-08 04:06:04+00:00,46117
CH1-PW-01,PowerWatch,PowerWatch_voltage_frequency_2min/PowerWatch Voltage + Frequency (2-min interval)/CH1-PW-01_CH1_voltage_frequency_updated.csv,c2e86722dc6aa71c8becbf21bddf9a24c6f3a8c3e759b893b903f07c3c0460f5,314732,314732,0,2024-04-02 13:36:03+00:00,2025-11-03 15:18:00+00:00,14119
CSR2-HOP-01,HOP,HOP_voltage_power_1min/HOP Voltage+Power 1-min interval data (11 sensors)/CSR2_CSR2-HOP-01_Voltage_1.1.csv,9d2cd9d18f4a284e158c6ab4726f8d760f38432fa6b1d78238200d98adf0b2ca,1000000,767031,120,2024-05-22 10:01:00+00:00,2025-11-25 16:12:00+00:00,0
CSR2-PW-01,PowerWatch,PowerWatch_voltage_frequency_2min/PowerWatch Voltage + Frequency (2-min interval)/CSR2-PW-01_CSR2_voltage_frequency_updated.csv,e7a3b13c7903e6cd34d951b9544b029b2ac683a6431533ac74baad6639d3e1b4,231804,231804,0,2024-05-28 07:50:37+00:00,2025-12-21 10:26:00+00:00,75057
CSR4-HOP-01,HOP,HOP_voltage_power_1min/HOP Voltage+Power 1-min interval data (11 sensors)/CSR4_CSR4-HOP-01_Voltage_1.1.csv,7442b2a4f8013e298f117ab66211d5b8585ab79a459109fb835b660994dd117f,1000000,281114,120,2024-03-19 15:31:00+00:00,2025-02-28 00:57:00+00:00,0
CSR4-PW-02,PowerWatch,PowerWatch_voltage_frequency_2min/PowerWatch Voltage + Frequency (2-min interval)/CSR4-PW-02_CSR4_2min_og.csv,01618c7bccc721870e62b13714e1c09e7b5a04ff8c45023573f4c7a4070ead76,126064,126064,0,2024-05-27 20:10:03+00:00,2025-01-28 23:16:03+00:00,5668
HGR1-HOP-01,HOP,HOP_voltage_power_1min/HOP Voltage+Power 1-min interval data (11 sensors)/HGR1_HGR1-HOP-01_Voltage_1.1.csv,613769c6754d5fc99514f92e679f92174c577a2dd5c74a5bed09d87e32022cd5,1000000,740155,120,2024-05-22 10:01:00+00:00,2025-11-25 16:12:00+00:00,0
HGR1-PW-03,PowerWatch,PowerWatch_voltage_frequency_2min/PowerWatch Voltage + Frequency (2-min interval)/HGR1-PW-03_HGR1_voltage_frequency_updated.csv,c495db3c2b4f43d6ea77c8d1633a820560aad028c280a039f66d4f9edb7bdd82,415027,415027,0,2024-04-05 17:42:15+00:00,2026-01-12 21:16:00+00:00,10613
CSR1-HOP-01,HOP,HOP_voltage_power_1min/HOP Voltage+Power 1-min interval data (11 sensors)/CSR1_CSR1-HOP-01_Voltage_1.1.csv,fafb69c2af40fb4a2f41fa47c593e3d70fe2577cf53c9b9bd1ff92dbc279b6df,1000000,247841,120,2024-05-22 10:01:00+00:00,2024-12-20 20:15:00+00:00,0
CSR1-PW-03,PowerWatch,PowerWatch_voltage_frequency_2min/PowerWatch Voltage + Frequency (2-min interval)/CSR1-PW-03_CSR1_2min_og.csv,0539cd1eece64026da980a98ed2610ea15ef63c362854aea0f55d125e640b22a,146304,146304,0,2024-05-27 20:32:06+00:00,2024-12-21 05:42:14+00:00,3157
CSR2-PW-02,PowerWatch,PowerWatch_voltage_frequency_2min/PowerWatch Voltage + Frequency (2-min interval)/CSR2-PW-02_CSR2_voltage_frequency_updated.csv,a1a33cccaf91f9ad7655b884af14565339a8ff8d28dd501de15acd360216e8ba,305490,305490,0,2024-08-14 07:07:07+00:00,2025-12-11 15:30:00+00:00,22699
CSR3-HOP-01,HOP,HOP_voltage_power_1min/HOP Voltage+Power 1-min interval data (11 sensors)/CSR3_CSR3-HOP-01_Voltage_1.1.csv,e5c5bcaf47c5ea6e9dfd6612ccf4f44adf5c288ff2e75678bb7b839f0e090a9d,1000000,717347,120,2024-05-22 10:01:00+00:00,2025-11-25 16:12:00+00:00,0
CSR3-PW-03,PowerWatch,PowerWatch_voltage_frequency_2min/PowerWatch Voltage + Frequency (2-min interval)/CSR3-PW-03_CSR3_2min_og.csv,b95c50eae08101228af2352dd960e848cfa1723993bd8088636f5c1495d08cbb,92451,92451,0,2024-05-27 20:18:03+00:00,2025-02-28 09:42:03+00:00,7457
CSR3-HOP-02,HOP,HOP_voltage_power_1min/HOP Voltage+Power 1-min interval data (11 sensors)/CSR3_CSR3-HOP-02_Voltage_1.1.csv,e1d83a61ef3f0bffd421dc79354fb9c2250142ddf4867f2b1506f9b907294aeb,1000000,91004,120,2024-09-26 17:01:00+00:00,2025-11-25 16:00:00+00:00,0
CSR3-PW-04,PowerWatch,PowerWatch_voltage_frequency_2min/PowerWatch Voltage + Frequency (2-min interval)/CSR3-PW-04_CSR3_2min_og.csv,6dfa7b39337e2eeb9f85db8ca6de692b7177d0b6e460878eace4669bd8d08249,164930,164930,0,2024-05-27 20:22:03+00:00,2025-07-09 05:38:04+00:00,7892
CSR4-PW-01,PowerWatch,PowerWatch_voltage_frequency_2min/PowerWatch Voltage + Frequency (2-min interval)/CSR4-PW-01_CSR4_voltage_frequency_updated.csv,ee5d1e9d74d60687b8ced5783fdb80e62d3a45496858ac560b478e6d8028e873,157127,157127,0,2024-08-12 14:06:56+00:00,2026-01-12 21:16:00+00:00,9358
