facility_code,hop_sensor,powerwatch_sensor,shared_source,analysis_role,primary_facility_result,sensor_basis,sensor_count,window_start,window_end_inclusive,expected_intervals,observed_intervals,powered_intervals,unknown_intervals,one_sensor_observed_intervals,two_sensors_observed_intervals,two_sensors_low_intervals,discordant_intervals,single_sensor_low_intervals,observed_uptime_pct,expected_window_uptime_pct,coverage_pct,two_sensor_coverage_pct,status
HGR1,HGR1-HOP-01,HGR1-PW-03,FLEX ICU,post_confirmed_uptime,true,paired_co_source,2,2024-05-22T10:00:00+00:00,2025-11-25T16:12:00+00:00,397627,386228,379609,11399,51225,335003,0,3190,6619,98.28624543016042,95.4686175737563,97.13324296388323,84.25056648567627,calculated_source_interpretation_requires_review
HGR1,HGR1-HOP-01,HGR1-PW-03,FLEX ICU,post_confirmed_uptime,true,single_HGR1-HOP-01_same_paired_window,1,2024-05-22T10:00:00+00:00,2025-11-25T16:12:00+00:00,397627,370958,370958,26669,370958,0,0,0,0,100.0,93.29296048809562,93.29296048809562,,calculated_source_interpretation_requires_review
HGR1,HGR1-HOP-01,HGR1-PW-03,FLEX ICU,post_confirmed_uptime,true,single_HGR1-PW-03_same_paired_window,1,2024-05-22T10:00:00+00:00,2025-11-25T16:12:00+00:00,397627,350273,340464,47354,350273,0,0,0,9809,97.19961287338734,85.62396416742324,88.09084896146389,,calculated_source_interpretation_requires_review
CH1,CH1-HOP-01,CH1-PW-01,FLEX F1,post_confirmed_uptime,true,paired_co_source,2,2024-05-25T08:42:00+00:00,2025-11-03T15:18:00+00:00,379639,376783,376186,2856,93487,283296,0,10026,597,99.84155336095311,99.09045171860636,99.24770637368658,74.62247029414786,calculated_source_interpretation_requires_review
CH1,CH1-HOP-01,CH1-PW-01,FLEX F1,post_confirmed_uptime,true,single_CH1-HOP-01_same_paired_window,1,2024-05-25T08:42:00+00:00,2025-11-03T15:18:00+00:00,379639,367571,367571,12068,367571,0,0,0,0,100.0,96.82119065744035,96.82119065744035,,calculated_source_interpretation_requires_review
CH1,CH1-HOP-01,CH1-PW-01,FLEX F1,post_confirmed_uptime,true,single_CH1-PW-01_same_paired_window,1,2024-05-25T08:42:00+00:00,2025-11-03T15:18:00+00:00,379639,292508,281885,87131,292508,0,0,0,10623,96.36830445663026,74.25080141924302,77.04898601039409,,calculated_source_interpretation_requires_review
CSR1,CSR1-HOP-01,CSR1-PW-03,FLEX operating/admin/maternity,post_confirmed_uptime,true,paired_co_source,2,2024-05-27T20:32:00+00:00,2024-12-20T20:14:00+00:00,149032,148178,147340,854,29573,118605,0,2318,838,99.43446395551297,98.86467335874175,99.42696870470772,79.5835793655054,calculated_source_interpretation_requires_review
CSR1,CSR1-HOP-01,CSR1-PW-03,FLEX operating/admin/maternity,post_confirmed_uptime,true,single_CSR1-HOP-01_same_paired_window,1,2024-05-27T20:32:00+00:00,2024-12-20T20:14:00+00:00,149032,121702,121702,27330,121702,0,0,0,0,100.0,81.66165655698106,81.66165655698106,,calculated_source_interpretation_requires_review
CSR1,CSR1-HOP-01,CSR1-PW-03,FLEX operating/admin/maternity,post_confirmed_uptime,true,single_CSR1-PW-03_same_paired_window,1,2024-05-27T20:32:00+00:00,2024-12-20T20:14:00+00:00,149032,145081,141925,3951,145081,0,0,0,3156,97.82466346385812,95.23122550861561,97.34889151323206,,calculated_source_interpretation_requires_review
CSR2,CSR2-HOP-01,CSR2-PW-02,FLEX F1,post_confirmed_uptime,true,paired_co_source,2,2024-08-14T07:06:00+00:00,2025-11-25T16:12:00+00:00,337234,336183,334750,1051,49739,286444,0,16511,1433,99.57374406201384,99.26341946541571,99.68834696382926,84.93924100179697,calculated_source_interpretation_requires_review
CSR2,CSR2-HOP-01,CSR2-PW-02,FLEX F1,post_confirmed_uptime,true,single_CSR2-HOP-01_same_paired_window,1,2024-08-14T07:06:00+00:00,2025-11-25T16:12:00+00:00,337234,324952,324952,12282,324952,0,0,0,0,100.0,96.35801846788877,96.35801846788877,,calculated_source_interpretation_requires_review
CSR2,CSR2-HOP-01,CSR2-PW-02,FLEX F1,post_confirmed_uptime,true,single_CSR2-PW-02_same_paired_window,1,2024-08-14T07:06:00+00:00,2025-11-25T16:12:00+00:00,337234,297675,279731,39559,297675,0,0,0,17944,93.97194927353657,82.94863507238297,88.26956949773748,,calculated_source_interpretation_requires_review
CSR3,CSR3-HOP-01,CSR3-PW-03,Parallel FLEX F1/F2,post_confirmed_uptime,true,paired_co_source,2,2024-05-27T20:18:00+00:00,2025-02-28T09:42:00+00:00,199123,193468,192885,5655,104072,89396,0,6872,583,99.69865817602911,96.8672629480271,97.16004680524098,44.89486397854592,calculated_source_interpretation_requires_review
CSR3,CSR3-HOP-01,CSR3-PW-03,Parallel FLEX F1/F2,post_confirmed_uptime,true,single_CSR3-HOP-01_same_paired_window,1,2024-05-27T20:18:00+00:00,2025-02-28T09:42:00+00:00,199123,190436,190436,8687,190436,0,0,0,0,100.0,95.63736986686621,95.63736986686621,,calculated_source_interpretation_requires_review
CSR3,CSR3-HOP-01,CSR3-PW-03,Parallel FLEX F1/F2,post_confirmed_uptime,true,single_CSR3-PW-03_same_paired_window,1,2024-05-27T20:18:00+00:00,2025-02-28T09:42:00+00:00,199123,92428,84973,106695,92428,0,0,0,7455,91.93426234474403,42.67362384054077,46.4175409169207,,calculated_source_interpretation_requires_review
CSR3,CSR3-HOP-02,CSR3-PW-04,FLEX F3,post_confirmed_uptime,false,paired_co_source,2,2024-09-26T17:00:00+00:00,2025-07-09T05:38:00+00:00,205580,123766,119233,81814,91312,32454,0,796,4533,96.33744323966195,57.99834614262088,60.20332717190389,15.786555112365017,calculated_source_interpretation_requires_review
CSR3,CSR3-HOP-02,CSR3-PW-04,FLEX F3,post_confirmed_uptime,false,single_CSR3-HOP-02_same_paired_window,1,2024-09-26T17:00:00+00:00,2025-07-09T05:38:00+00:00,205580,48936,48936,156644,48936,0,0,0,0,100.0,23.80387197198171,23.80387197198171,,calculated_source_interpretation_requires_review
CSR3,CSR3-HOP-02,CSR3-PW-04,FLEX F3,post_confirmed_uptime,false,single_CSR3-PW-04_same_paired_window,1,2024-09-26T17:00:00+00:00,2025-07-09T05:38:00+00:00,205580,107284,101955,98296,107284,0,0,0,5329,95.03281011147982,49.59383208483315,52.18601031228719,,calculated_source_interpretation_requires_review
CSR4,CSR4-HOP-01,CSR4-PW-01,FLEX F1,post_confirmed_uptime,true,paired_co_source,2,2024-08-12T14:06:00+00:00,2024-12-05T23:58:00+00:00,83097,83078,82928,19,2329,80749,0,413,150,99.81944678494908,99.79662322346174,99.97713515530043,97.17438656028496,calculated_source_interpretation_requires_review
CSR4,CSR4-HOP-01,CSR4-PW-01,FLEX F1,post_confirmed_uptime,true,single_CSR4-HOP-01_same_paired_window,1,2024-08-12T14:06:00+00:00,2024-12-05T23:58:00+00:00,83097,81091,81091,2006,81091,0,0,0,0,100.0,97.58595376487719,97.58595376487719,,calculated_source_interpretation_requires_review
CSR4,CSR4-HOP-01,CSR4-PW-01,FLEX F1,post_confirmed_uptime,true,single_CSR4-PW-01_same_paired_window,1,2024-08-12T14:06:00+00:00,2024-12-05T23:58:00+00:00,83097,82736,82173,361,82736,0,0,0,563,99.31952233610521,98.88804649987364,99.56556795070821,,calculated_source_interpretation_requires_review
