window_id,facility_code,sensor_id,platform,start_inclusive,end_exclusive,interpretation,source_status,valid_voltage_rows,first_valid,last_valid,sensor_count,window_start,window_end_inclusive,expected_intervals,observed_intervals,powered_intervals,unknown_intervals,one_sensor_observed_intervals,two_sensors_observed_intervals,two_sensors_low_intervals,discordant_intervals,single_sensor_low_intervals,observed_uptime_pct,expected_window_uptime_pct,coverage_pct,two_sensor_coverage_pct,status,legacy_row_count_uptime_pct,legacy_expected_intervals,observations,powered_voltage_observations,outage_voltage_observations,invalid_voltage_observations,voltage_quality_pct,calendar_expected_intervals,calendar_expected_window_uptime_pct,calendar_coverage_pct,valid_frequency_observations,invalid_frequency_observations,frequency_quality_0_1_pct,frequency_quality_1_pct,frequency_quality_5_pct,frequency_quality_10_pct,legacy_joint_valid_n,legacy_joint_voltage_quality_pct,legacy_joint_frequency_1_pct,legacy_joint_frequency_5_pct,legacy_joint_frequency_10_pct
ch1_early_hop,CH1,CH1-HOP-01,HOP,2024-01-01,2024-04-01,early HOP observations before broad deployment period,source_unconfirmed,58,2024-01-18 09:31:00+00:00,2024-03-25 12:40:00+00:00,1,2024-01-18T09:30:00+00:00,2024-03-25T12:40:00+00:00,48336,31.0,31.0,48305.0,31.0,0.0,0.0,0.0,0.0,100.0,0.06413439258523668,0.06413439258523668,,calculated_source_interpretation_requires_review,0.05999793110582393,96670.0,130647,58,0,0,100.0,65520,0.04731379731379731,0.04731379731379731,,,,,,,,,,,
ch1_before_pw_switch,CH1,CH1-PW-02,PowerWatch,2024-04-03,2024-04-30,alternative solar before configured intervention-source monitoring start,commissioning_date_unconfirmed,14929,2024-04-03 14:45:23+00:00,2024-04-29 23:58:03+00:00,1,2024-04-03T14:44:00+00:00,2024-04-29T23:58:00+00:00,18998,14889.0,7413.0,4109.0,14889.0,0.0,0.0,0.0,7476.0,49.78843441466855,39.01989683124539,78.37140751658069,,calculated_source_interpretation_requires_review,39.13249460441122,18997.0,14929,7434,7495,0,2.7037933817594837,19440,38.132716049382715,76.5895061728395,7430.0,0.0,0.0,0.0,0.10767160161507401,93.9300134589502,7430.0,2.7052489905787347,0.0,0.10767160161507401,93.9300134589502
ch1_intervention_sensor_before_switch,CH1,CH1-PW-01,PowerWatch,2024-04-02,2024-04-30,other PowerWatch sensor before configured intervention-source monitoring start,early_source_unconfirmed_do_not_pair,4607,2024-04-02 13:36:03+00:00,2024-04-26 00:14:23+00:00,1,2024-04-02T13:36:00+00:00,2024-04-26T00:14:00+00:00,16880,4575.0,1741.0,12305.0,4575.0,0.0,0.0,0.0,2834.0,38.05464480874317,10.313981042654028,27.10308056872038,,calculated_source_interpretation_requires_review,10.325829383886257,16880.0,4607,1743,2864,0,76.64945496270798,20160,8.635912698412698,22.69345238095238,1740.0,0.0,68.90804597701148,76.4367816091954,99.71264367816092,100.0,1740.0,76.7816091954023,76.4367816091954,99.71264367816092,100.0
ch1_hop_before_pw_switch,CH1,CH1-HOP-01,HOP,2024-04-03,2024-04-30,no-data check during early PowerWatch comparison,source_unconfirmed,0,,,1,,,0,,,,,,,,,,,,,no_valid_voltage,,,38880,0,0,0,,19440,0.0,0.0,,,,,,,,,,,
ch1_inherited_source,CH1,CH1-PW-02,PowerWatch,2024-04-03,2025-01-09,study-team-confirmed artisanal-solar comparison spanning deployment,study_team_confirmed_existing_source_2026_10_10,185514,2024-04-03 14:45:23+00:00,2025-01-08 04:06:04+00:00,1,2024-04-03T14:44:00+00:00,2025-01-08T04:06:00+00:00,201282,185233.0,139194.0,16049.0,185233.0,0.0,0.0,0.0,46039.0,75.14535746870158,69.15372462515276,92.02660943353106,,calculated_source_interpretation_requires_review,69.25492222316065,201281.0,185514,139397,46117,0,23.63465497822765,202320,68.79893238434164,91.55446816923686,80251.0,76.0,0.0024921807827939842,0.011214813522572928,0.0922106889633774,89.3546497862955,80251.0,2.929558510174328,0.011214813522572928,0.0922106889633774,89.3546497862955
csr2_before_monitoring,CSR2,CSR2-HOP-01,HOP,2024-01-01,2024-05-22,no-data check before first substantial HOP monitoring,not_a_commissioning_date,0,,,1,,,0,,,,,,,,,,,,,no_valid_voltage,,,204087,0,0,0,,102240,0.0,0.0,,,,,,,,,,,
csr2_pw_before_first_reading,CSR2,CSR2-PW-01,PowerWatch,2024-01-01,2024-05-28,no-data check before first PowerWatch reading,not_a_commissioning_date,0,,,1,,,0,,,,,,,,,,,,,no_valid_voltage,,,0,0,0,0,,106560,0.0,0.0,0.0,0.0,,,,,0.0,,,,
csr2_inherited_source,CSR2,CSR2-PW-01,PowerWatch,2024-07-04,2024-07-28,study-team-confirmed July old-solar comparison after broad deployment,study_team_confirmed_existing_source_2026_10_10,8102,2024-07-04 08:19:02+00:00,2024-07-27 23:58:04+00:00,1,2024-07-04T08:18:00+00:00,2024-07-27T23:58:00+00:00,17031,8100.0,2442.0,8931.0,8100.0,0.0,0.0,0.0,5658.0,30.148148148148145,14.338559098115203,47.56033116082438,,calculated_source_interpretation_requires_review,14.345273047563122,17030.0,8102,2443,5659,0,1.3098649201801065,17280,14.131944444444445,46.875,2441.0,0.0,0.0,0.0,0.0,91.84760344121263,2441.0,1.3109381401065137,0.0,0.0,91.84760344121263
csr2_hop_same_dates,CSR2,CSR2-HOP-01,HOP,2024-07-04,2024-07-28,HOP intervention circuit during July source comparison,different_source_do_not_pair,34245,2024-07-04 00:00:00+00:00,2024-07-27 23:59:00+00:00,1,2024-07-04T00:00:00+00:00,2024-07-27T23:58:00+00:00,17280,17170.0,17170.0,110.0,17170.0,0.0,0.0,0.0,0.0,100.0,99.36342592592592,99.36342592592592,,calculated_source_interpretation_requires_review,99.08854166666666,34560.0,34560,34245,0,0,99.0947583588845,17280,99.36342592592592,99.36342592592592,,,,,,,,,,,
csr4_early_hop,CSR4,CSR4-HOP-01,HOP,2024-03-19,2024-03-26,early HOP observations before broad deployment period,source_unconfirmed,6860,2024-03-19 15:31:00+00:00,2024-03-25 12:41:00+00:00,1,2024-03-19T15:30:00+00:00,2024-03-25T12:40:00+00:00,4236,3517.0,3517.0,719.0,3517.0,0.0,0.0,0.0,0.0,100.0,83.0264400377715,83.0264400377715,,calculated_source_interpretation_requires_review,80.98217447762957,8471.0,10080,6860,0,0,100.0,5040,69.78174603174602,69.78174603174602,,,,,,,,,,,
csr4_pw_before_first_reading,CSR4,CSR4-PW-02,PowerWatch,2024-01-01,2024-05-27,no-data check before first PowerWatch reading,not_a_commissioning_date,0,,,1,,,0,,,,,,,,,,,,,no_valid_voltage,,,0,0,0,0,,105840,0.0,0.0,0.0,0.0,,,,,0.0,,,,
csr4_inherited_source,CSR4,CSR4-PW-02,PowerWatch,2025-01-01,2025-02-01,study-team-confirmed January grid or old-supply comparison during FLEX telemetry exclusion,study_team_confirmed_existing_source_2026_10_10,15932,2025-01-04 08:53:14+00:00,2025-01-28 23:16:03+00:00,1,2025-01-04T08:52:00+00:00,2025-01-28T23:16:00+00:00,17713,15930.0,12900.0,1783.0,15930.0,0.0,0.0,0.0,3030.0,80.97928436911488,72.82786653870039,89.93394681872071,,calculated_source_interpretation_requires_review,72.84327009936766,17712.0,15932,12902,3030,0,52.20120911486591,22320,57.795698924731184,71.37096774193549,5750.0,5744.0,0.1217391304347826,1.0956521739130434,4.608695652173913,9.391304347826086,5750.0,33.47826086956522,1.0956521739130434,4.608695652173913,9.391304347826086
csr4_hop_same_dates,CSR4,CSR4-HOP-01,HOP,2025-01-01,2025-02-01,HOP intervention circuit during January source comparison,different_source_do_not_pair,24803,2025-01-04 00:53:00+00:00,2025-01-25 22:27:00+00:00,1,2025-01-04T00:52:00+00:00,2025-01-25T22:26:00+00:00,15768,12467.0,12467.0,3301.0,12467.0,0.0,0.0,0.0,0.0,100.0,79.06519533231861,79.06519533231861,,calculated_source_interpretation_requires_review,78.6522911051213,31535.0,44640,24803,0,0,61.12970205217111,22320,55.85573476702509,55.85573476702509,,,,,,,,,,,
