facility_id_anonymized,display_code,arm,facility_type,month,wards_expected,wards_reported,facility_month_reported,admissions,deaths_total,mortality_rate,included_primary_analysis,exclusion_reason
FAC_C01,CTL_HGR1,control,HGR,2023-01,4,4,True,315.0,4.0,0.012698412698412698,True,
FAC_C01,CTL_HGR1,control,HGR,2023-02,4,4,True,280.0,2.0,0.007142857142857143,True,
FAC_C01,CTL_HGR1,control,HGR,2023-03,4,4,True,339.0,2.0,0.0058997050147492625,True,
FAC_C01,CTL_HGR1,control,HGR,2023-04,4,4,True,354.0,7.0,0.01977401129943503,True,
FAC_C01,CTL_HGR1,control,HGR,2023-05,4,4,True,327.0,4.0,0.012232415902140673,True,
FAC_C01,CTL_HGR1,control,HGR,2023-06,4,4,True,395.0,5.0,0.012658227848101266,True,
FAC_C01,CTL_HGR1,control,HGR,2023-07,4,4,True,525.0,8.0,0.015238095238095238,True,
FAC_C01,CTL_HGR1,control,HGR,2023-08,4,4,True,452.0,7.0,0.015486725663716814,True,
FAC_C01,CTL_HGR1,control,HGR,2023-09,4,4,True,506.0,6.0,0.011857707509881422,True,
FAC_C01,CTL_HGR1,control,HGR,2023-10,4,4,True,529.0,9.0,0.017013232514177693,True,
FAC_C01,CTL_HGR1,control,HGR,2023-11,4,4,True,518.0,7.0,0.013513513513513514,True,
FAC_C01,CTL_HGR1,control,HGR,2023-12,4,4,True,540.0,9.0,0.016666666666666666,True,
FAC_C01,CTL_HGR1,control,HGR,2024-01,4,4,True,592.0,7.0,0.011824324324324325,True,
FAC_C01,CTL_HGR1,control,HGR,2024-02,4,4,True,564.0,9.0,0.015957446808510637,True,
FAC_C01,CTL_HGR1,control,HGR,2024-03,4,4,True,596.0,11.0,0.018456375838926176,True,
FAC_C01,CTL_HGR1,control,HGR,2024-04,4,4,True,575.0,5.0,0.008695652173913044,True,
FAC_C01,CTL_HGR1,control,HGR,2024-05,4,4,True,640.0,12.0,0.01875,True,
FAC_C01,CTL_HGR1,control,HGR,2024-06,4,4,True,650.0,10.0,0.015384615384615385,True,
FAC_C01,CTL_HGR1,control,HGR,2024-07,4,4,True,608.0,14.0,0.023026315789473683,True,
FAC_C01,CTL_HGR1,control,HGR,2024-08,4,4,True,592.0,12.0,0.02027027027027027,True,
FAC_C01,CTL_HGR1,control,HGR,2024-09,4,4,True,601.0,7.0,0.011647254575707155,True,
FAC_C01,CTL_HGR1,control,HGR,2024-10,4,4,True,662.0,11.0,0.01661631419939577,True,
FAC_C01,CTL_HGR1,control,HGR,2024-11,4,4,True,551.0,8.0,0.014519056261343012,True,
FAC_C01,CTL_HGR1,control,HGR,2024-12,4,4,True,648.0,5.0,0.007716049382716049,True,
FAC_C01,CTL_HGR1,control,HGR,2025-01,4,4,True,579.0,5.0,0.008635578583765112,True,
FAC_C01,CTL_HGR1,control,HGR,2025-02,4,4,True,558.0,6.0,0.010752688172043012,True,
FAC_C01,CTL_HGR1,control,HGR,2025-03,4,4,True,637.0,7.0,0.01098901098901099,True,
FAC_C01,CTL_HGR1,control,HGR,2025-04,4,4,True,645.0,6.0,0.009302325581395349,True,
FAC_C01,CTL_HGR1,control,HGR,2025-05,4,4,True,695.0,7.0,0.010071942446043165,True,
FAC_C01,CTL_HGR1,control,HGR,2025-06,4,4,True,630.0,10.0,0.015873015873015872,True,
FAC_C01,CTL_HGR1,control,HGR,2025-07,4,4,True,686.0,8.0,0.011661807580174927,True,
FAC_C01,CTL_HGR1,control,HGR,2025-08,4,4,True,543.0,9.0,0.016574585635359115,True,
FAC_C01,CTL_HGR1,control,HGR,2025-09,4,4,True,607.0,2.0,0.0032948929159802307,True,
FAC_C01,CTL_HGR1,control,HGR,2025-10,4,4,True,614.0,7.0,0.011400651465798045,True,
FAC_C01,CTL_HGR1,control,HGR,2025-11,4,4,True,546.0,4.0,0.007326007326007326,True,
FAC_C01,CTL_HGR1,control,HGR,2025-12,4,4,True,474.0,6.0,0.012658227848101266,True,
FAC_C02,CTL_CH1,control,CH,2023-01,4,4,True,97.0,0.0,0.0,True,
FAC_C02,CTL_CH1,control,CH,2023-02,4,4,True,80.0,1.0,0.0125,True,
FAC_C02,CTL_CH1,control,CH,2023-03,4,4,True,81.0,1.0,0.012345679012345678,True,
FAC_C02,CTL_CH1,control,CH,2023-04,4,3,True,106.0,1.0,0.009433962264150943,True,
FAC_C02,CTL_CH1,control,CH,2023-05,4,4,True,105.0,2.0,0.01904761904761905,True,
FAC_C02,CTL_CH1,control,CH,2023-06,4,4,True,129.0,1.0,0.007751937984496124,True,
FAC_C02,CTL_CH1,control,CH,2023-07,4,4,True,103.0,1.0,0.009708737864077669,True,
FAC_C02,CTL_CH1,control,CH,2023-08,4,4,True,156.0,1.0,0.00641025641025641,True,
FAC_C02,CTL_CH1,control,CH,2023-09,4,4,True,111.0,2.0,0.018018018018018018,True,
FAC_C02,CTL_CH1,control,CH,2023-10,4,3,True,79.0,2.0,0.02531645569620253,True,
FAC_C02,CTL_CH1,control,CH,2023-11,4,4,True,127.0,3.0,0.023622047244094488,True,
FAC_C02,CTL_CH1,control,CH,2023-12,4,4,True,131.0,0.0,0.0,True,
FAC_C02,CTL_CH1,control,CH,2024-01,4,4,True,127.0,16.0,0.12598425196850394,True,
FAC_C02,CTL_CH1,control,CH,2024-02,4,4,True,80.0,0.0,0.0,True,
FAC_C02,CTL_CH1,control,CH,2024-03,4,4,True,121.0,2.0,0.01652892561983471,True,
FAC_C02,CTL_CH1,control,CH,2024-04,4,0,False,,,,False,no_wards_reported
FAC_C02,CTL_CH1,control,CH,2024-05,4,0,False,,,,False,no_wards_reported
FAC_C02,CTL_CH1,control,CH,2024-06,4,4,True,82.0,2.0,0.024390243902439025,True,
FAC_C02,CTL_CH1,control,CH,2024-07,4,4,True,45.0,1.0,0.022222222222222223,True,
FAC_C02,CTL_CH1,control,CH,2024-08,4,3,True,72.0,0.0,0.0,True,
FAC_C02,CTL_CH1,control,CH,2024-09,4,4,True,95.0,0.0,0.0,True,
FAC_C02,CTL_CH1,control,CH,2024-10,4,4,True,126.0,0.0,0.0,True,
FAC_C02,CTL_CH1,control,CH,2024-11,4,4,True,115.0,5.0,0.043478260869565216,True,
FAC_C02,CTL_CH1,control,CH,2024-12,4,4,True,69.0,3.0,0.043478260869565216,True,
FAC_C02,CTL_CH1,control,CH,2025-01,4,4,True,115.0,4.0,0.034782608695652174,True,
FAC_C02,CTL_CH1,control,CH,2025-02,4,4,True,113.0,5.0,0.04424778761061947,True,
FAC_C02,CTL_CH1,control,CH,2025-03,4,4,True,106.0,4.0,0.03773584905660377,True,
FAC_C02,CTL_CH1,control,CH,2025-04,4,4,True,106.0,2.0,0.018867924528301886,True,
FAC_C02,CTL_CH1,control,CH,2025-05,4,4,True,125.0,2.0,0.016,True,
FAC_C02,CTL_CH1,control,CH,2025-06,4,4,True,116.0,4.0,0.034482758620689655,True,
FAC_C02,CTL_CH1,control,CH,2025-07,4,4,True,117.0,3.0,0.02564102564102564,True,
FAC_C02,CTL_CH1,control,CH,2025-08,4,4,True,120.0,1.0,0.008333333333333333,True,
FAC_C02,CTL_CH1,control,CH,2025-09,4,4,True,116.0,2.0,0.017241379310344827,True,
FAC_C02,CTL_CH1,control,CH,2025-10,4,4,True,169.0,2.0,0.011834319526627219,True,
FAC_C02,CTL_CH1,control,CH,2025-11,4,4,True,185.0,4.0,0.021621621621621623,True,
FAC_C02,CTL_CH1,control,CH,2025-12,4,4,True,152.0,0.0,0.0,True,
FAC_C03,CTL_CSR1,control,CSR,2023-01,4,4,True,114.0,0.0,0.0,True,
FAC_C03,CTL_CSR1,control,CSR,2023-02,4,4,True,94.0,1.0,0.010638297872340425,True,
FAC_C03,CTL_CSR1,control,CSR,2023-03,4,4,True,109.0,0.0,0.0,True,
FAC_C03,CTL_CSR1,control,CSR,2023-04,4,3,True,99.0,0.0,0.0,True,
FAC_C03,CTL_CSR1,control,CSR,2023-05,4,4,True,139.0,0.0,0.0,True,
FAC_C03,CTL_CSR1,control,CSR,2023-06,4,4,True,110.0,0.0,0.0,True,
FAC_C03,CTL_CSR1,control,CSR,2023-07,4,4,True,107.0,0.0,0.0,True,
FAC_C03,CTL_CSR1,control,CSR,2023-08,4,0,False,,,,False,no_wards_reported
FAC_C03,CTL_CSR1,control,CSR,2023-09,4,4,True,148.0,0.0,0.0,True,
FAC_C03,CTL_CSR1,control,CSR,2023-10,4,4,True,124.0,0.0,0.0,True,
FAC_C03,CTL_CSR1,control,CSR,2023-11,4,3,True,141.0,0.0,0.0,True,
FAC_C03,CTL_CSR1,control,CSR,2023-12,4,4,True,125.0,1.0,0.008,True,
FAC_C03,CTL_CSR1,control,CSR,2024-01,4,3,True,62.0,0.0,0.0,True,
FAC_C03,CTL_CSR1,control,CSR,2024-02,4,3,True,96.0,0.0,0.0,True,
FAC_C03,CTL_CSR1,control,CSR,2024-03,4,4,True,335.0,1.0,0.0029850746268656717,True,
FAC_C03,CTL_CSR1,control,CSR,2024-04,4,0,False,,,,False,no_wards_reported
FAC_C03,CTL_CSR1,control,CSR,2024-05,4,4,True,242.0,1.0,0.004132231404958678,True,
FAC_C03,CTL_CSR1,control,CSR,2024-06,4,4,True,376.0,2.0,0.005319148936170213,True,
FAC_C03,CTL_CSR1,control,CSR,2024-07,4,4,True,76.0,0.0,0.0,True,
FAC_C03,CTL_CSR1,control,CSR,2024-08,4,4,True,167.0,0.0,0.0,True,
FAC_C03,CTL_CSR1,control,CSR,2024-09,4,3,True,134.0,0.0,0.0,True,
FAC_C03,CTL_CSR1,control,CSR,2024-10,4,3,True,155.0,0.0,0.0,True,
FAC_C03,CTL_CSR1,control,CSR,2024-11,4,4,True,132.0,0.0,0.0,True,
FAC_C03,CTL_CSR1,control,CSR,2024-12,4,4,True,45.0,0.0,0.0,True,
FAC_C03,CTL_CSR1,control,CSR,2025-01,4,0,False,,,,False,no_wards_reported
FAC_C03,CTL_CSR1,control,CSR,2025-02,4,4,True,107.0,0.0,0.0,True,
FAC_C03,CTL_CSR1,control,CSR,2025-03,4,4,True,125.0,0.0,0.0,True,
FAC_C03,CTL_CSR1,control,CSR,2025-04,4,0,False,,,,False,no_wards_reported
FAC_C03,CTL_CSR1,control,CSR,2025-05,4,0,False,,,,False,no_wards_reported
FAC_C03,CTL_CSR1,control,CSR,2025-06,4,4,True,202.0,1.0,0.0049504950495049506,True,
FAC_C03,CTL_CSR1,control,CSR,2025-07,4,4,True,159.0,0.0,0.0,True,
FAC_C03,CTL_CSR1,control,CSR,2025-08,4,4,True,127.0,0.0,0.0,True,
FAC_C03,CTL_CSR1,control,CSR,2025-09,4,4,True,125.0,0.0,0.0,True,
FAC_C03,CTL_CSR1,control,CSR,2025-10,4,4,True,129.0,0.0,0.0,True,
FAC_C03,CTL_CSR1,control,CSR,2025-11,4,0,False,,,,False,no_wards_reported
FAC_C03,CTL_CSR1,control,CSR,2025-12,4,4,True,119.0,0.0,0.0,True,
FAC_C04,CTL_CSR2,control,CSR,2023-01,4,4,True,211.0,0.0,0.0,True,
FAC_C04,CTL_CSR2,control,CSR,2023-02,4,4,True,219.0,4.0,0.0182648401826484,True,
FAC_C04,CTL_CSR2,control,CSR,2023-03,4,4,True,225.0,3.0,0.013333333333333334,True,
FAC_C04,CTL_CSR2,control,CSR,2023-04,4,4,True,239.0,3.0,0.012552301255230125,True,
FAC_C04,CTL_CSR2,control,CSR,2023-05,4,4,True,223.0,2.0,0.008968609865470852,True,
FAC_C04,CTL_CSR2,control,CSR,2023-06,4,4,True,213.0,1.0,0.004694835680751174,True,
FAC_C04,CTL_CSR2,control,CSR,2023-07,4,2,True,65.0,0.0,0.0,True,
FAC_C04,CTL_CSR2,control,CSR,2023-08,4,4,True,149.0,1.0,0.006711409395973154,True,
FAC_C04,CTL_CSR2,control,CSR,2023-09,4,4,True,152.0,4.0,0.02631578947368421,True,
FAC_C04,CTL_CSR2,control,CSR,2023-10,4,4,True,145.0,0.0,0.0,True,
FAC_C04,CTL_CSR2,control,CSR,2023-11,4,4,True,164.0,1.0,0.006097560975609756,True,
FAC_C04,CTL_CSR2,control,CSR,2023-12,4,4,True,179.0,5.0,0.027932960893854747,True,
FAC_C04,CTL_CSR2,control,CSR,2024-01,4,4,True,233.0,5.0,0.02145922746781116,True,
FAC_C04,CTL_CSR2,control,CSR,2024-02,4,4,True,138.0,4.0,0.028985507246376812,True,
FAC_C04,CTL_CSR2,control,CSR,2024-03,4,4,True,153.0,4.0,0.026143790849673203,True,
FAC_C04,CTL_CSR2,control,CSR,2024-04,4,0,False,,,,False,no_wards_reported
FAC_C04,CTL_CSR2,control,CSR,2024-05,4,4,True,368.0,5.0,0.01358695652173913,True,
FAC_C04,CTL_CSR2,control,CSR,2024-06,4,4,True,47.0,0.0,0.0,True,
FAC_C04,CTL_CSR2,control,CSR,2024-07,4,4,True,173.0,3.0,0.017341040462427744,True,
FAC_C04,CTL_CSR2,control,CSR,2024-08,4,4,True,140.0,4.0,0.02857142857142857,True,
FAC_C04,CTL_CSR2,control,CSR,2024-09,4,4,True,194.0,7.0,0.03608247422680412,True,
FAC_C04,CTL_CSR2,control,CSR,2024-10,4,4,True,272.0,5.0,0.01838235294117647,True,
FAC_C04,CTL_CSR2,control,CSR,2024-11,4,4,True,166.0,6.0,0.03614457831325301,True,
FAC_C04,CTL_CSR2,control,CSR,2024-12,4,4,True,145.0,2.0,0.013793103448275862,True,
FAC_C04,CTL_CSR2,control,CSR,2025-01,4,0,False,,,,False,no_wards_reported
FAC_C04,CTL_CSR2,control,CSR,2025-02,4,4,True,175.0,2.0,0.011428571428571429,True,
FAC_C04,CTL_CSR2,control,CSR,2025-03,4,4,True,131.0,2.0,0.015267175572519083,True,
FAC_C04,CTL_CSR2,control,CSR,2025-04,4,4,True,154.0,5.0,0.032467532467532464,True,
FAC_C04,CTL_CSR2,control,CSR,2025-05,4,4,True,131.0,0.0,0.0,True,
FAC_C04,CTL_CSR2,control,CSR,2025-06,4,4,True,111.0,2.0,0.018018018018018018,True,
FAC_C04,CTL_CSR2,control,CSR,2025-07,4,4,True,128.0,5.0,0.0390625,True,
FAC_C04,CTL_CSR2,control,CSR,2025-08,4,4,True,97.0,5.0,0.05154639175257732,True,
FAC_C04,CTL_CSR2,control,CSR,2025-09,4,4,True,104.0,5.0,0.04807692307692308,True,
FAC_C04,CTL_CSR2,control,CSR,2025-10,4,4,True,108.0,4.0,0.037037037037037035,True,
FAC_C04,CTL_CSR2,control,CSR,2025-11,4,0,False,,,,False,no_wards_reported
FAC_C04,CTL_CSR2,control,CSR,2025-12,4,4,True,108.0,5.0,0.046296296296296294,True,
FAC_C05,CTL_CSR3,control,CSR,2023-01,4,4,True,159.0,4.0,0.025157232704402517,True,
FAC_C05,CTL_CSR3,control,CSR,2023-02,4,4,True,160.0,4.0,0.025,True,
FAC_C05,CTL_CSR3,control,CSR,2023-03,4,4,True,194.0,4.0,0.020618556701030927,True,
FAC_C05,CTL_CSR3,control,CSR,2023-04,4,4,True,189.0,3.0,0.015873015873015872,True,
FAC_C05,CTL_CSR3,control,CSR,2023-05,4,4,True,189.0,2.0,0.010582010582010581,True,
FAC_C05,CTL_CSR3,control,CSR,2023-06,4,4,True,169.0,3.0,0.01775147928994083,True,
FAC_C05,CTL_CSR3,control,CSR,2023-07,4,4,True,201.0,2.0,0.009950248756218905,True,
FAC_C05,CTL_CSR3,control,CSR,2023-08,4,4,True,262.0,0.0,0.0,True,
FAC_C05,CTL_CSR3,control,CSR,2023-09,4,4,True,495.0,4.0,0.00808080808080808,True,
FAC_C05,CTL_CSR3,control,CSR,2023-10,4,4,True,338.0,2.0,0.005917159763313609,True,
FAC_C05,CTL_CSR3,control,CSR,2023-11,4,4,True,307.0,5.0,0.016286644951140065,True,
FAC_C05,CTL_CSR3,control,CSR,2023-12,4,4,True,308.0,3.0,0.00974025974025974,True,
FAC_C05,CTL_CSR3,control,CSR,2024-01,4,4,True,298.0,1.0,0.003355704697986577,True,
FAC_C05,CTL_CSR3,control,CSR,2024-02,4,4,True,216.0,5.0,0.023148148148148147,True,
FAC_C05,CTL_CSR3,control,CSR,2024-03,4,4,True,310.0,4.0,0.012903225806451613,True,
FAC_C05,CTL_CSR3,control,CSR,2024-04,4,4,True,226.0,2.0,0.008849557522123894,True,
FAC_C05,CTL_CSR3,control,CSR,2024-05,4,4,True,240.0,4.0,0.016666666666666666,True,
FAC_C05,CTL_CSR3,control,CSR,2024-06,4,4,True,325.0,2.0,0.006153846153846154,True,
FAC_C05,CTL_CSR3,control,CSR,2024-07,4,4,True,265.0,3.0,0.011320754716981131,True,
FAC_C05,CTL_CSR3,control,CSR,2024-08,4,4,True,306.0,2.0,0.006535947712418301,True,
FAC_C05,CTL_CSR3,control,CSR,2024-09,4,4,True,266.0,4.0,0.015037593984962405,True,
FAC_C05,CTL_CSR3,control,CSR,2024-10,4,4,True,431.0,6.0,0.013921113689095127,True,
FAC_C05,CTL_CSR3,control,CSR,2024-11,4,4,True,220.0,3.0,0.013636363636363636,True,
FAC_C05,CTL_CSR3,control,CSR,2024-12,4,4,True,204.0,1.0,0.004901960784313725,True,
FAC_C05,CTL_CSR3,control,CSR,2025-01,4,4,True,322.0,2.0,0.006211180124223602,True,
FAC_C05,CTL_CSR3,control,CSR,2025-02,4,4,True,262.0,4.0,0.015267175572519083,True,
FAC_C05,CTL_CSR3,control,CSR,2025-03,4,4,True,267.0,5.0,0.018726591760299626,True,
FAC_C05,CTL_CSR3,control,CSR,2025-04,4,4,True,286.0,3.0,0.01048951048951049,True,
FAC_C05,CTL_CSR3,control,CSR,2025-05,4,4,True,349.0,6.0,0.017191977077363897,True,
FAC_C05,CTL_CSR3,control,CSR,2025-06,4,4,True,319.0,0.0,0.0,True,
FAC_C05,CTL_CSR3,control,CSR,2025-07,4,4,True,265.0,2.0,0.007547169811320755,True,
FAC_C05,CTL_CSR3,control,CSR,2025-08,4,3,True,147.0,6.0,0.04081632653061224,True,
FAC_C05,CTL_CSR3,control,CSR,2025-09,4,4,True,275.0,10.0,0.03636363636363636,True,
FAC_C05,CTL_CSR3,control,CSR,2025-10,4,4,True,299.0,4.0,0.013377926421404682,True,
FAC_C05,CTL_CSR3,control,CSR,2025-11,4,4,True,310.0,7.0,0.02258064516129032,True,
FAC_C05,CTL_CSR3,control,CSR,2025-12,4,4,True,238.0,5.0,0.02100840336134454,True,
FAC_C06,CTL_CSR4,control,CSR,2023-01,4,4,True,201.0,1.0,0.004975124378109453,True,
FAC_C06,CTL_CSR4,control,CSR,2023-02,4,4,True,71.0,3.0,0.04225352112676056,True,
FAC_C06,CTL_CSR4,control,CSR,2023-03,4,3,True,59.0,5.0,0.0847457627118644,True,
FAC_C06,CTL_CSR4,control,CSR,2023-04,4,3,True,62.0,2.0,0.03225806451612903,True,
FAC_C06,CTL_CSR4,control,CSR,2023-05,4,3,True,61.0,3.0,0.04918032786885246,True,
FAC_C06,CTL_CSR4,control,CSR,2023-06,4,4,True,199.0,4.0,0.020100502512562814,True,
FAC_C06,CTL_CSR4,control,CSR,2023-07,4,3,True,61.0,3.0,0.04918032786885246,True,
FAC_C06,CTL_CSR4,control,CSR,2023-08,4,4,True,78.0,2.0,0.02564102564102564,True,
FAC_C06,CTL_CSR4,control,CSR,2023-09,4,3,True,168.0,0.0,0.0,True,
FAC_C06,CTL_CSR4,control,CSR,2023-10,4,2,True,85.0,2.0,0.023529411764705882,True,
FAC_C06,CTL_CSR4,control,CSR,2023-11,4,3,True,72.0,2.0,0.027777777777777776,True,
FAC_C06,CTL_CSR4,control,CSR,2023-12,4,3,True,123.0,5.0,0.04065040650406504,True,
FAC_C06,CTL_CSR4,control,CSR,2024-01,4,4,True,150.0,2.0,0.013333333333333334,True,
FAC_C06,CTL_CSR4,control,CSR,2024-02,4,4,True,135.0,0.0,0.0,True,
FAC_C06,CTL_CSR4,control,CSR,2024-03,4,4,True,124.0,2.0,0.016129032258064516,True,
FAC_C06,CTL_CSR4,control,CSR,2024-04,4,4,True,129.0,4.0,0.031007751937984496,True,
FAC_C06,CTL_CSR4,control,CSR,2024-05,4,3,True,49.0,0.0,0.0,True,
FAC_C06,CTL_CSR4,control,CSR,2024-06,4,4,True,158.0,4.0,0.02531645569620253,True,
FAC_C06,CTL_CSR4,control,CSR,2024-07,4,4,True,219.0,3.0,0.0136986301369863,True,
FAC_C06,CTL_CSR4,control,CSR,2024-08,4,4,True,220.0,0.0,0.0,True,
FAC_C06,CTL_CSR4,control,CSR,2024-09,4,2,True,67.0,2.0,0.029850746268656716,True,
FAC_C06,CTL_CSR4,control,CSR,2024-10,4,2,True,69.0,0.0,0.0,True,
FAC_C06,CTL_CSR4,control,CSR,2024-11,4,3,True,228.0,3.0,0.013157894736842105,True,
FAC_C06,CTL_CSR4,control,CSR,2024-12,4,4,True,305.0,4.0,0.013114754098360656,True,
FAC_C06,CTL_CSR4,control,CSR,2025-01,4,4,True,374.0,7.0,0.01871657754010695,True,
FAC_C06,CTL_CSR4,control,CSR,2025-02,4,4,True,248.0,7.0,0.028225806451612902,True,
FAC_C06,CTL_CSR4,control,CSR,2025-03,4,4,True,179.0,1.0,0.00558659217877095,True,
FAC_C06,CTL_CSR4,control,CSR,2025-04,4,4,True,185.0,2.0,0.010810810810810811,True,
FAC_C06,CTL_CSR4,control,CSR,2025-05,4,4,True,266.0,5.0,0.018796992481203006,True,
FAC_C06,CTL_CSR4,control,CSR,2025-06,4,4,True,258.0,2.0,0.007751937984496124,True,
FAC_C06,CTL_CSR4,control,CSR,2025-07,4,4,True,191.0,0.0,0.0,True,
FAC_C06,CTL_CSR4,control,CSR,2025-08,4,4,True,147.0,3.0,0.02040816326530612,True,
FAC_C06,CTL_CSR4,control,CSR,2025-09,4,4,True,144.0,1.0,0.006944444444444444,True,
FAC_C06,CTL_CSR4,control,CSR,2025-10,4,4,True,187.0,2.0,0.0106951871657754,True,
FAC_C06,CTL_CSR4,control,CSR,2025-11,4,0,False,,,,False,no_wards_reported
FAC_C06,CTL_CSR4,control,CSR,2025-12,4,4,True,168.0,2.0,0.011904761904761904,True,
FAC_T01,HGR1,treatment,HGR,2023-01,4,4,True,479.0,5.0,0.010438413361169102,True,
FAC_T01,HGR1,treatment,HGR,2023-02,4,4,True,392.0,6.0,0.015306122448979591,True,
FAC_T01,HGR1,treatment,HGR,2023-03,4,4,True,409.0,3.0,0.007334963325183374,True,
FAC_T01,HGR1,treatment,HGR,2023-04,4,4,True,383.0,4.0,0.010443864229765013,True,
FAC_T01,HGR1,treatment,HGR,2023-05,4,3,True,348.0,5.0,0.014367816091954023,True,
FAC_T01,HGR1,treatment,HGR,2023-06,4,4,True,418.0,7.0,0.01674641148325359,True,
FAC_T01,HGR1,treatment,HGR,2023-07,4,4,True,471.0,8.0,0.016985138004246284,True,
FAC_T01,HGR1,treatment,HGR,2023-08,4,4,True,518.0,6.0,0.011583011583011582,True,
FAC_T01,HGR1,treatment,HGR,2023-09,4,4,True,486.0,9.0,0.018518518518518517,True,
FAC_T01,HGR1,treatment,HGR,2023-10,4,4,True,601.0,8.0,0.013311148086522463,True,
FAC_T01,HGR1,treatment,HGR,2023-11,4,4,True,536.0,5.0,0.009328358208955223,True,
FAC_T01,HGR1,treatment,HGR,2023-12,4,4,True,541.0,6.0,0.011090573012939002,True,
FAC_T01,HGR1,treatment,HGR,2024-01,4,4,True,554.0,9.0,0.016245487364620937,True,
FAC_T01,HGR1,treatment,HGR,2024-02,4,4,True,513.0,8.0,0.015594541910331383,True,
FAC_T01,HGR1,treatment,HGR,2024-03,4,4,True,510.0,11.0,0.021568627450980392,True,
FAC_T01,HGR1,treatment,HGR,2024-04,4,4,True,458.0,9.0,0.019650655021834062,True,
FAC_T01,HGR1,treatment,HGR,2024-05,4,4,True,489.0,10.0,0.02044989775051125,True,
FAC_T01,HGR1,treatment,HGR,2024-06,4,4,True,500.0,7.0,0.014,True,
FAC_T01,HGR1,treatment,HGR,2024-07,4,4,True,527.0,3.0,0.0056925996204933585,True,
FAC_T01,HGR1,treatment,HGR,2024-08,4,4,True,539.0,5.0,0.00927643784786642,True,
FAC_T01,HGR1,treatment,HGR,2024-09,4,4,True,562.0,8.0,0.014234875444839857,True,
FAC_T01,HGR1,treatment,HGR,2024-10,4,4,True,620.0,11.0,0.017741935483870968,True,
FAC_T01,HGR1,treatment,HGR,2024-11,4,4,True,550.0,5.0,0.00909090909090909,True,
FAC_T01,HGR1,treatment,HGR,2024-12,4,4,True,552.0,6.0,0.010869565217391304,True,
FAC_T01,HGR1,treatment,HGR,2025-01,4,4,True,568.0,5.0,0.008802816901408451,True,
FAC_T01,HGR1,treatment,HGR,2025-02,4,4,True,510.0,5.0,0.00980392156862745,True,
FAC_T01,HGR1,treatment,HGR,2025-03,4,4,True,580.0,8.0,0.013793103448275862,True,
FAC_T01,HGR1,treatment,HGR,2025-04,4,4,True,630.0,6.0,0.009523809523809525,True,
FAC_T01,HGR1,treatment,HGR,2025-05,4,4,True,649.0,7.0,0.01078582434514638,True,
FAC_T01,HGR1,treatment,HGR,2025-06,4,4,True,677.0,11.0,0.01624815361890694,True,
FAC_T01,HGR1,treatment,HGR,2025-07,4,4,True,618.0,5.0,0.008090614886731391,True,
FAC_T01,HGR1,treatment,HGR,2025-08,4,4,True,627.0,7.0,0.011164274322169059,True,
FAC_T01,HGR1,treatment,HGR,2025-09,4,4,True,717.0,11.0,0.015341701534170154,True,
FAC_T01,HGR1,treatment,HGR,2025-10,4,4,True,641.0,9.0,0.014040561622464899,True,
FAC_T01,HGR1,treatment,HGR,2025-11,4,4,True,599.0,6.0,0.01001669449081803,True,
FAC_T01,HGR1,treatment,HGR,2025-12,4,4,True,566.0,6.0,0.01060070671378092,True,
FAC_T02,CH1,treatment,CH,2023-01,4,4,True,73.0,1.0,0.0136986301369863,True,
FAC_T02,CH1,treatment,CH,2023-02,4,4,True,45.0,0.0,0.0,True,
FAC_T02,CH1,treatment,CH,2023-03,4,4,True,87.0,1.0,0.011494252873563218,True,
FAC_T02,CH1,treatment,CH,2023-04,4,4,True,72.0,1.0,0.013888888888888888,True,
FAC_T02,CH1,treatment,CH,2023-05,4,4,True,77.0,0.0,0.0,True,
FAC_T02,CH1,treatment,CH,2023-06,4,4,True,93.0,4.0,0.043010752688172046,True,
FAC_T02,CH1,treatment,CH,2023-07,4,4,True,68.0,2.0,0.029411764705882353,True,
FAC_T02,CH1,treatment,CH,2023-08,4,4,True,70.0,0.0,0.0,True,
FAC_T02,CH1,treatment,CH,2023-09,4,4,True,90.0,3.0,0.03333333333333333,True,
FAC_T02,CH1,treatment,CH,2023-10,4,4,True,99.0,1.0,0.010101010101010102,True,
FAC_T02,CH1,treatment,CH,2023-11,4,4,True,81.0,0.0,0.0,True,
FAC_T02,CH1,treatment,CH,2023-12,4,4,True,93.0,1.0,0.010752688172043012,True,
FAC_T02,CH1,treatment,CH,2024-01,4,4,True,90.0,1.0,0.011111111111111112,True,
FAC_T02,CH1,treatment,CH,2024-02,4,4,True,78.0,0.0,0.0,True,
FAC_T02,CH1,treatment,CH,2024-03,4,4,True,94.0,2.0,0.02127659574468085,True,
FAC_T02,CH1,treatment,CH,2024-04,4,4,True,102.0,3.0,0.029411764705882353,True,
FAC_T02,CH1,treatment,CH,2024-05,4,4,True,105.0,2.0,0.01904761904761905,True,
FAC_T02,CH1,treatment,CH,2024-06,4,4,True,106.0,3.0,0.02830188679245283,True,
FAC_T02,CH1,treatment,CH,2024-07,4,4,True,106.0,4.0,0.03773584905660377,True,
FAC_T02,CH1,treatment,CH,2024-08,4,4,True,106.0,0.0,0.0,True,
FAC_T02,CH1,treatment,CH,2024-09,4,4,True,104.0,2.0,0.019230769230769232,True,
FAC_T02,CH1,treatment,CH,2024-10,4,4,True,103.0,2.0,0.019417475728155338,True,
FAC_T02,CH1,treatment,CH,2024-11,4,4,True,106.0,1.0,0.009433962264150943,True,
FAC_T02,CH1,treatment,CH,2024-12,4,4,True,104.0,2.0,0.019230769230769232,True,
FAC_T02,CH1,treatment,CH,2025-01,4,4,True,414.0,1.0,0.0024154589371980675,True,
FAC_T02,CH1,treatment,CH,2025-02,4,3,True,105.0,2.0,0.01904761904761905,True,
FAC_T02,CH1,treatment,CH,2025-03,4,4,True,404.0,1.0,0.0024752475247524753,True,
FAC_T02,CH1,treatment,CH,2025-04,4,4,True,448.0,0.0,0.0,True,
FAC_T02,CH1,treatment,CH,2025-05,4,4,True,407.0,2.0,0.004914004914004914,True,
FAC_T02,CH1,treatment,CH,2025-06,4,4,True,441.0,2.0,0.0045351473922902496,True,
FAC_T02,CH1,treatment,CH,2025-07,4,4,True,117.0,1.0,0.008547008547008548,True,
FAC_T02,CH1,treatment,CH,2025-08,4,4,True,129.0,1.0,0.007751937984496124,True,
FAC_T02,CH1,treatment,CH,2025-09,4,4,True,124.0,2.0,0.016129032258064516,True,
FAC_T02,CH1,treatment,CH,2025-10,4,4,True,119.0,1.0,0.008403361344537815,True,
FAC_T02,CH1,treatment,CH,2025-11,4,4,True,128.0,2.0,0.015625,True,
FAC_T02,CH1,treatment,CH,2025-12,4,4,True,134.0,1.0,0.007462686567164179,True,
FAC_T03,CSR1,treatment,CSR,2023-01,4,4,True,146.0,1.0,0.00684931506849315,True,
FAC_T03,CSR1,treatment,CSR,2023-02,4,4,True,150.0,3.0,0.02,True,
FAC_T03,CSR1,treatment,CSR,2023-03,4,4,True,150.0,3.0,0.02,True,
FAC_T03,CSR1,treatment,CSR,2023-04,4,4,True,164.0,0.0,0.0,True,
FAC_T03,CSR1,treatment,CSR,2023-05,4,4,True,105.0,1.0,0.009523809523809525,True,
FAC_T03,CSR1,treatment,CSR,2023-06,4,4,True,71.0,0.0,0.0,True,
FAC_T03,CSR1,treatment,CSR,2023-07,4,4,True,78.0,3.0,0.038461538461538464,True,
FAC_T03,CSR1,treatment,CSR,2023-08,4,4,True,67.0,3.0,0.04477611940298507,True,
FAC_T03,CSR1,treatment,CSR,2023-09,4,4,True,48.0,2.0,0.041666666666666664,True,
FAC_T03,CSR1,treatment,CSR,2023-10,4,4,True,74.0,3.0,0.04054054054054054,True,
FAC_T03,CSR1,treatment,CSR,2023-11,4,4,True,65.0,2.0,0.03076923076923077,True,
FAC_T03,CSR1,treatment,CSR,2023-12,4,4,True,50.0,1.0,0.02,True,
FAC_T03,CSR1,treatment,CSR,2024-01,4,4,True,64.0,0.0,0.0,True,
FAC_T03,CSR1,treatment,CSR,2024-02,4,4,True,45.0,1.0,0.022222222222222223,True,
FAC_T03,CSR1,treatment,CSR,2024-03,4,4,True,49.0,0.0,0.0,True,
FAC_T03,CSR1,treatment,CSR,2024-04,4,4,True,68.0,3.0,0.04411764705882353,True,
FAC_T03,CSR1,treatment,CSR,2024-05,4,4,True,95.0,6.0,0.06315789473684211,True,
FAC_T03,CSR1,treatment,CSR,2024-06,4,4,True,103.0,6.0,0.05825242718446602,True,
FAC_T03,CSR1,treatment,CSR,2024-07,4,4,True,151.0,1.0,0.006622516556291391,True,
FAC_T03,CSR1,treatment,CSR,2024-08,4,0,False,,,,False,no_wards_reported
FAC_T03,CSR1,treatment,CSR,2024-09,4,4,True,144.0,3.0,0.020833333333333332,True,
FAC_T03,CSR1,treatment,CSR,2024-10,4,4,True,190.0,3.0,0.015789473684210527,True,
FAC_T03,CSR1,treatment,CSR,2024-11,4,4,True,175.0,6.0,0.03428571428571429,True,
FAC_T03,CSR1,treatment,CSR,2024-12,4,4,True,134.0,1.0,0.007462686567164179,True,
FAC_T03,CSR1,treatment,CSR,2025-01,4,0,False,,,,False,no_wards_reported
FAC_T03,CSR1,treatment,CSR,2025-02,4,0,False,,,,False,no_wards_reported
FAC_T03,CSR1,treatment,CSR,2025-03,4,4,True,82.0,1.0,0.012195121951219513,True,
FAC_T03,CSR1,treatment,CSR,2025-04,4,4,True,179.0,3.0,0.01675977653631285,True,
FAC_T03,CSR1,treatment,CSR,2025-05,4,4,True,204.0,3.0,0.014705882352941176,True,
FAC_T03,CSR1,treatment,CSR,2025-06,4,4,True,203.0,3.0,0.014778325123152709,True,
FAC_T03,CSR1,treatment,CSR,2025-07,4,4,True,146.0,1.0,0.00684931506849315,True,
FAC_T03,CSR1,treatment,CSR,2025-08,4,4,True,113.0,2.0,0.017699115044247787,True,
FAC_T03,CSR1,treatment,CSR,2025-09,4,4,True,94.0,3.0,0.031914893617021274,True,
FAC_T03,CSR1,treatment,CSR,2025-10,4,4,True,67.0,1.0,0.014925373134328358,True,
FAC_T03,CSR1,treatment,CSR,2025-11,4,4,True,75.0,5.0,0.06666666666666667,True,
FAC_T03,CSR1,treatment,CSR,2025-12,4,4,True,65.0,2.0,0.03076923076923077,True,
FAC_T04,CSR2,treatment,CSR,2023-01,4,4,True,432.0,2.0,0.004629629629629629,True,
FAC_T04,CSR2,treatment,CSR,2023-02,4,4,True,317.0,2.0,0.006309148264984227,True,
FAC_T04,CSR2,treatment,CSR,2023-03,4,0,False,,,,False,no_wards_reported
FAC_T04,CSR2,treatment,CSR,2023-04,4,4,True,387.0,1.0,0.002583979328165375,True,
FAC_T04,CSR2,treatment,CSR,2023-05,4,4,True,467.0,1.0,0.0021413276231263384,True,
FAC_T04,CSR2,treatment,CSR,2023-06,4,4,True,367.0,2.0,0.005449591280653951,True,
FAC_T04,CSR2,treatment,CSR,2023-07,4,4,True,264.0,0.0,0.0,True,
FAC_T04,CSR2,treatment,CSR,2023-08,4,4,True,224.0,1.0,0.004464285714285714,True,
FAC_T04,CSR2,treatment,CSR,2023-09,4,4,True,261.0,1.0,0.0038314176245210726,True,
FAC_T04,CSR2,treatment,CSR,2023-10,4,4,True,218.0,2.0,0.009174311926605505,True,
FAC_T04,CSR2,treatment,CSR,2023-11,4,4,True,263.0,0.0,0.0,True,
FAC_T04,CSR2,treatment,CSR,2023-12,4,4,True,263.0,0.0,0.0,True,
FAC_T04,CSR2,treatment,CSR,2024-01,4,4,True,280.0,0.0,0.0,True,
FAC_T04,CSR2,treatment,CSR,2024-02,4,4,True,238.0,0.0,0.0,True,
FAC_T04,CSR2,treatment,CSR,2024-03,4,4,True,429.0,3.0,0.006993006993006993,True,
FAC_T04,CSR2,treatment,CSR,2024-04,4,4,True,541.0,3.0,0.005545286506469501,True,
FAC_T04,CSR2,treatment,CSR,2024-05,4,4,True,794.0,4.0,0.005037783375314861,True,
FAC_T04,CSR2,treatment,CSR,2024-06,4,4,True,251.0,0.0,0.0,True,
FAC_T04,CSR2,treatment,CSR,2024-07,4,4,True,383.0,1.0,0.0026109660574412533,True,
FAC_T04,CSR2,treatment,CSR,2024-08,4,4,True,384.0,0.0,0.0,True,
FAC_T04,CSR2,treatment,CSR,2024-09,4,4,True,241.0,0.0,0.0,True,
FAC_T04,CSR2,treatment,CSR,2024-10,4,4,True,330.0,2.0,0.006060606060606061,True,
FAC_T04,CSR2,treatment,CSR,2024-11,4,4,True,346.0,1.0,0.002890173410404624,True,
FAC_T04,CSR2,treatment,CSR,2024-12,4,4,True,303.0,0.0,0.0,True,
FAC_T04,CSR2,treatment,CSR,2025-01,4,4,True,449.0,0.0,0.0,True,
FAC_T04,CSR2,treatment,CSR,2025-02,4,4,True,316.0,0.0,0.0,True,
FAC_T04,CSR2,treatment,CSR,2025-03,4,4,True,186.0,0.0,0.0,True,
FAC_T04,CSR2,treatment,CSR,2025-04,4,4,True,359.0,1.0,0.002785515320334262,True,
FAC_T04,CSR2,treatment,CSR,2025-05,4,4,True,292.0,0.0,0.0,True,
FAC_T04,CSR2,treatment,CSR,2025-06,4,4,True,410.0,0.0,0.0,True,
FAC_T04,CSR2,treatment,CSR,2025-07,4,4,True,420.0,3.0,0.007142857142857143,True,
FAC_T04,CSR2,treatment,CSR,2025-08,4,4,True,294.0,0.0,0.0,True,
FAC_T04,CSR2,treatment,CSR,2025-09,4,4,True,290.0,1.0,0.0034482758620689655,True,
FAC_T04,CSR2,treatment,CSR,2025-10,4,4,True,256.0,0.0,0.0,True,
FAC_T04,CSR2,treatment,CSR,2025-11,4,0,False,,,,False,no_wards_reported
FAC_T04,CSR2,treatment,CSR,2025-12,4,4,True,354.0,2.0,0.005649717514124294,True,
FAC_T05,CSR3,treatment,CSR,2023-01,4,4,True,201.0,3.0,0.014925373134328358,True,
FAC_T05,CSR3,treatment,CSR,2023-02,4,4,True,179.0,1.0,0.00558659217877095,True,
FAC_T05,CSR3,treatment,CSR,2023-03,4,4,True,207.0,0.0,0.0,True,
FAC_T05,CSR3,treatment,CSR,2023-04,4,4,True,198.0,0.0,0.0,True,
FAC_T05,CSR3,treatment,CSR,2023-05,4,4,True,215.0,3.0,0.013953488372093023,True,
FAC_T05,CSR3,treatment,CSR,2023-06,4,4,True,184.0,0.0,0.0,True,
FAC_T05,CSR3,treatment,CSR,2023-07,4,4,True,246.0,0.0,0.0,True,
FAC_T05,CSR3,treatment,CSR,2023-08,4,0,False,,,,False,no_wards_reported
FAC_T05,CSR3,treatment,CSR,2023-09,4,4,True,202.0,1.0,0.0049504950495049506,True,
FAC_T05,CSR3,treatment,CSR,2023-10,4,4,True,209.0,2.0,0.009569377990430622,True,
FAC_T05,CSR3,treatment,CSR,2023-11,4,4,True,216.0,2.0,0.009259259259259259,True,
FAC_T05,CSR3,treatment,CSR,2023-12,4,4,True,206.0,1.0,0.0048543689320388345,True,
FAC_T05,CSR3,treatment,CSR,2024-01,4,4,True,230.0,5.0,0.021739130434782608,True,
FAC_T05,CSR3,treatment,CSR,2024-02,4,4,True,190.0,4.0,0.021052631578947368,True,
FAC_T05,CSR3,treatment,CSR,2024-03,4,4,True,177.0,4.0,0.022598870056497175,True,
FAC_T05,CSR3,treatment,CSR,2024-04,4,4,True,233.0,4.0,0.017167381974248927,True,
FAC_T05,CSR3,treatment,CSR,2024-05,4,4,True,263.0,4.0,0.015209125475285171,True,
FAC_T05,CSR3,treatment,CSR,2024-06,4,4,True,308.0,4.0,0.012987012987012988,True,
FAC_T05,CSR3,treatment,CSR,2024-07,4,4,True,221.0,2.0,0.00904977375565611,True,
FAC_T05,CSR3,treatment,CSR,2024-08,4,4,True,153.0,0.0,0.0,True,
FAC_T05,CSR3,treatment,CSR,2024-09,4,4,True,163.0,2.0,0.012269938650306749,True,
FAC_T05,CSR3,treatment,CSR,2024-10,4,4,True,222.0,1.0,0.0045045045045045045,True,
FAC_T05,CSR3,treatment,CSR,2024-11,4,4,True,177.0,3.0,0.01694915254237288,True,
FAC_T05,CSR3,treatment,CSR,2024-12,4,4,True,251.0,4.0,0.01593625498007968,True,
FAC_T05,CSR3,treatment,CSR,2025-01,4,0,False,,,,False,no_wards_reported
FAC_T05,CSR3,treatment,CSR,2025-02,4,4,True,186.0,3.0,0.016129032258064516,True,
FAC_T05,CSR3,treatment,CSR,2025-03,4,0,False,,,,False,no_wards_reported
FAC_T05,CSR3,treatment,CSR,2025-04,4,4,True,203.0,0.0,0.0,True,
FAC_T05,CSR3,treatment,CSR,2025-05,4,4,True,179.0,4.0,0.0223463687150838,True,
FAC_T05,CSR3,treatment,CSR,2025-06,4,4,True,198.0,0.0,0.0,True,
FAC_T05,CSR3,treatment,CSR,2025-07,4,4,True,163.0,3.0,0.018404907975460124,True,
FAC_T05,CSR3,treatment,CSR,2025-08,4,4,True,132.0,3.0,0.022727272727272728,True,
FAC_T05,CSR3,treatment,CSR,2025-09,4,4,True,182.0,5.0,0.027472527472527472,True,
FAC_T05,CSR3,treatment,CSR,2025-10,4,4,True,168.0,3.0,0.017857142857142856,True,
FAC_T05,CSR3,treatment,CSR,2025-11,4,4,True,169.0,4.0,0.023668639053254437,True,
FAC_T05,CSR3,treatment,CSR,2025-12,4,4,True,178.0,1.0,0.0056179775280898875,True,
FAC_T06,CSR4,treatment,CSR,2023-01,4,4,True,76.0,2.0,0.02631578947368421,True,
FAC_T06,CSR4,treatment,CSR,2023-02,4,3,True,78.0,2.0,0.02564102564102564,True,
FAC_T06,CSR4,treatment,CSR,2023-03,4,4,True,49.0,4.0,0.08163265306122448,True,
FAC_T06,CSR4,treatment,CSR,2023-04,4,4,True,34.0,3.0,0.08823529411764706,True,
FAC_T06,CSR4,treatment,CSR,2023-05,4,4,True,46.0,3.0,0.06521739130434782,True,
FAC_T06,CSR4,treatment,CSR,2023-06,4,4,True,82.0,2.0,0.024390243902439025,True,
FAC_T06,CSR4,treatment,CSR,2023-07,4,4,True,60.0,2.0,0.03333333333333333,True,
FAC_T06,CSR4,treatment,CSR,2023-08,4,4,True,86.0,2.0,0.023255813953488372,True,
FAC_T06,CSR4,treatment,CSR,2023-09,4,4,True,67.0,5.0,0.07462686567164178,True,
FAC_T06,CSR4,treatment,CSR,2023-10,4,4,True,112.0,2.0,0.017857142857142856,True,
FAC_T06,CSR4,treatment,CSR,2023-11,4,4,True,88.0,3.0,0.03409090909090909,True,
FAC_T06,CSR4,treatment,CSR,2023-12,4,4,True,102.0,3.0,0.029411764705882353,True,
FAC_T06,CSR4,treatment,CSR,2024-01,4,4,True,115.0,2.0,0.017391304347826087,True,
FAC_T06,CSR4,treatment,CSR,2024-02,4,4,True,102.0,4.0,0.0392156862745098,True,
FAC_T06,CSR4,treatment,CSR,2024-03,4,4,True,69.0,3.0,0.043478260869565216,True,
FAC_T06,CSR4,treatment,CSR,2024-04,4,4,True,67.0,2.0,0.029850746268656716,True,
FAC_T06,CSR4,treatment,CSR,2024-05,4,4,True,88.0,2.0,0.022727272727272728,True,
FAC_T06,CSR4,treatment,CSR,2024-06,4,4,True,70.0,2.0,0.02857142857142857,True,
FAC_T06,CSR4,treatment,CSR,2024-07,4,0,False,,,,False,no_wards_reported
FAC_T06,CSR4,treatment,CSR,2024-08,4,3,True,27.0,1.0,0.037037037037037035,True,
FAC_T06,CSR4,treatment,CSR,2024-09,4,4,True,39.0,1.0,0.02564102564102564,True,
FAC_T06,CSR4,treatment,CSR,2024-10,4,4,True,54.0,3.0,0.05555555555555555,True,
FAC_T06,CSR4,treatment,CSR,2024-11,4,0,False,,,,False,no_wards_reported
FAC_T06,CSR4,treatment,CSR,2024-12,4,0,False,,,,False,no_wards_reported
FAC_T06,CSR4,treatment,CSR,2025-01,4,0,False,,,,False,no_wards_reported
FAC_T06,CSR4,treatment,CSR,2025-02,4,4,True,37.0,3.0,0.08108108108108109,True,
FAC_T06,CSR4,treatment,CSR,2025-03,4,4,True,52.0,2.0,0.038461538461538464,True,
FAC_T06,CSR4,treatment,CSR,2025-04,4,4,True,60.0,2.0,0.03333333333333333,True,
FAC_T06,CSR4,treatment,CSR,2025-05,4,4,True,62.0,1.0,0.016129032258064516,True,
FAC_T06,CSR4,treatment,CSR,2025-06,4,4,True,91.0,3.0,0.03296703296703297,True,
FAC_T06,CSR4,treatment,CSR,2025-07,4,4,True,60.0,0.0,0.0,True,
FAC_T06,CSR4,treatment,CSR,2025-08,4,4,True,61.0,4.0,0.06557377049180328,True,
FAC_T06,CSR4,treatment,CSR,2025-09,4,4,True,53.0,2.0,0.03773584905660377,True,
FAC_T06,CSR4,treatment,CSR,2025-10,4,4,True,77.0,1.0,0.012987012987012988,True,
FAC_T06,CSR4,treatment,CSR,2025-11,4,4,True,67.0,4.0,0.05970149253731343,True,
FAC_T06,CSR4,treatment,CSR,2025-12,4,4,True,48.0,2.0,0.041666666666666664,True,
